subject,fold,train_runs,val_run,test_run,val_auc,test_auc
1,0,2 3,1,0,0.790565,0.800170
1,1,0 3,2,1,0.764726,0.776358
1,2,0 1,3,2,0.773079,0.780193
1,3,1 2,0,3,0.770181,0.754973
2,0,2 3,1,0,0.784907,0.790141
2,1,0 3,2,1,0.822415,0.757129
2,2,0 1,3,2,0.802762,0.830315
2,3,1 2,0,3,0.805175,0.801277
3,0,2 3,1,0,0.851161,0.879950
3,1,0 3,2,1,0.859549,0.815147
3,2,0 1,3,2,0.877079,0.882029
3,3,1 2,0,3,0.870587,0.854546
4,0,2 3,1,0,0.752982,0.767909
4,1,0 3,2,1,0.799281,0.759959
4,2,0 1,3,2,0.752490,0.783356
4,3,1 2,0,3,0.791846,0.763084
5,0,2 3,1,0,0.837791,0.811211
5,1,0 3,2,1,0.804628,0.825569
5,2,0 1,3,2,0.802494,0.828508
5,3,1 2,0,3,0.799229,0.808766
6,0,2 3,1,0,0.896526,0.896243
6,1,0 3,2,1,0.881039,0.899578
6,2,0 1,3,2,0.902340,0.889753
6,3,1 2,0,3,0.880122,0.888472
7,0,2 3,1,0,0.906039,0.911664
7,1,0 3,2,1,0.910855,0.902007
7,2,0 1,3,2,0.891674,0.912329
7,3,1 2,0,3,0.920925,0.894465
8,0,2 3,1,0,0.828356,0.810088
8,1,0 3,2,1,0.845789,0.861878
8,2,0 1,3,2,0.834966,0.831429
8,3,1 2,0,3,0.839478,0.829014
9,0,2 3,1,0,0.751032,0.795973
9,1,0 3,2,1,0.752653,0.754528
9,2,0 1,3,2,0.750002,0.772141
9,3,1 2,0,3,0.789392,0.732163
10,0,2 3,1,0,0.839626,0.866755
10,1,0 3,2,1,0.839440,0.849320
10,2,0 1,3,2,0.806544,0.832716
10,3,1 2,0,3,0.868258,0.822891
11,0,2 3,1,0,0.856102,0.856030
11,1,0 3,2,1,0.875063,0.862036
11,2,0 1,3,2,0.836612,0.874723
11,3,1 2,0,3,0.851397,0.830020
12,0,2 3,1,0,0.836497,0.835914
12,1,0 3,2,1,0.812628,0.847642
12,2,0 1,3,2,0.826914,0.803871
12,3,1 2,0,3,0.860490,0.819449
13,0,2 3,1,0,0.829161,0.860392
13,1,0 3,2,1,0.852390,0.840043
13,2,0 1,3,2,0.869487,0.870379
13,3,1 2,0,3,0.872097,0.864331
14,0,2 3,1,0,0.682603,0.666746
14,1,0 3,2,1,0.659698,0.703501
14,2,0 1,3,2,0.680542,0.633764
14,3,1 2,0,3,0.677052,0.664941
15,0,2 3,1,0,0.904161,0.882782
15,1,0 3,2,1,0.902894,0.906939
15,2,0 1,3,2,0.915857,0.910633
15,3,1 2,0,3,0.891222,0.925517
16,0,2 3,1,0,0.908048,0.933977
16,1,0 3,2,1,0.909848,0.916107
16,2,0 1,3,2,0.901138,0.901224
16,3,1 2,0,3,0.954871,0.911546
17,0,2 3,1,0,0.791807,0.720485
17,1,0 3,2,1,0.779651,0.798397
17,2,0 1,3,2,0.731862,0.779723
17,3,1 2,0,3,0.772415,0.780011
18,0,2 3,1,0,0.821093,0.822054
18,1,0 3,2,1,0.781231,0.797696
18,2,0 1,3,2,0.835544,0.795111
18,3,1 2,0,3,0.827576,0.842438
19,0,2 3,1,0,0.885236,0.845438
19,1,0 3,2,1,0.828807,0.882648
19,2,0 1,3,2,0.861832,0.820406
19,3,1 2,0,3,0.851746,0.866428
20,0,2 3,1,0,0.958002,0.937494
20,1,0 3,2,1,0.940581,0.945349
20,2,0 1,3,2,0.943873,0.945633
20,3,1 2,0,3,0.948744,0.929698
21,0,2 3,1,0,0.812807,0.838982
21,1,0 3,2,1,0.825038,0.809272
21,2,0 1,3,2,0.812404,0.775027
21,3,1 2,0,3,0.829508,0.809633
22,0,2 3,1,0,0.911519,0.916388
22,1,0 3,2,1,0.942113,0.926526
22,2,0 1,3,2,0.885571,0.942492
22,3,1 2,0,3,0.942383,0.903961
23,0,2 3,1,0,0.895313,0.899816
23,1,0 3,2,1,0.931478,0.889834
23,2,0 1,3,2,0.899508,0.938002
23,3,1 2,0,3,0.908122,0.892556
24,0,2 3,1,0,0.887277,0.908089
24,1,0 3,2,1,0.924735,0.903753
24,2,0 1,3,2,0.875809,0.916299
24,3,1 2,0,3,0.906592,0.870939
25,0,2 3,1,0,0.653515,0.711617
25,1,0 3,2,1,0.628324,0.666483
25,2,0 1,3,2,0.704043,0.650612
25,3,1 2,0,3,0.674687,0.664197
26,0,2 3,1,0,0.699018,0.766322
26,1,0 3,2,1,0.755032,0.696773
26,2,0 1,3,2,0.726980,0.745027
26,3,1 2,0,3,0.755079,0.711243
27,0,2 3,1,0,0.769413,0.764621
27,1,0 3,2,1,0.770601,0.770964
27,2,0 1,3,2,0.782317,0.764342
27,3,1 2,0,3,0.782717,0.777247
28,0,2 3,1,0,0.845533,0.849453
28,1,0 3,2,1,0.872390,0.855639
28,2,0 1,3,2,0.833395,0.863685
28,3,1 2,0,3,0.855551,0.823828
29,0,2 3,1,0,0.844844,0.835478
29,1,0 3,2,1,0.842002,0.850172
29,2,0 1,3,2,0.814830,0.837637
29,3,1 2,0,3,0.856005,0.835757
30,0,2 3,1,0,0.827989,0.821156
30,1,0 3,2,1,0.835488,0.833195
30,2,0 1,3,2,0.810569,0.845669
30,3,1 2,0,3,0.822927,0.822311
31,0,2 3,1,0,0.731109,0.817907
31,1,0 3,2,1,0.784091,0.758664
31,2,0 1,3,2,0.823519,0.756358
31,3,1 2,0,3,0.798374,0.794853
32,0,2 3,1,0,0.835939,0.819184
32,1,0 3,2,1,0.833224,0.843726
32,2,0 1,3,2,0.764018,0.827215
32,3,1 2,0,3,0.837805,0.789907
33,0,2 3,1,0,0.938204,0.938794
33,1,0 3,2,1,0.914977,0.930351
33,2,0 1,3,2,0.928762,0.915796
33,3,1 2,0,3,0.932580,0.898998
34,0,2 3,1,0,0.788485,0.782789
34,1,0 3,2,1,0.826873,0.814127
34,2,0 1,3,2,0.827492,0.819982
34,3,1 2,0,3,0.819134,0.832184
35,0,2 3,1,0,0.925435,0.922848
35,1,0 3,2,1,0.906982,0.934125
35,2,0 1,3,2,0.899032,0.882680
35,3,1 2,0,3,0.921050,0.908955
36,0,2 3,1,0,0.851893,0.843871
36,1,0 3,2,1,0.839315,0.840408
36,2,0 1,3,2,0.861832,0.845352
36,3,1 2,0,3,0.861327,0.855957
37,0,2 3,1,0,0.894336,0.868032
37,1,0 3,2,1,0.873830,0.884807
37,2,0 1,3,2,0.856642,0.888902
37,3,1 2,0,3,0.874066,0.863467
38,0,2 3,1,0,0.934039,0.945100
38,1,0 3,2,1,0.936580,0.925195
38,2,0 1,3,2,0.938467,0.929871
38,3,1 2,0,3,0.947456,0.930905
39,0,2 3,1,0,0.812075,0.765263
39,1,0 3,2,1,0.804159,0.818948
39,2,0 1,3,2,0.811122,0.785270
39,3,1 2,0,3,0.781222,0.840843
40,0,2 3,1,0,0.794660,0.829014
40,1,0 3,2,1,0.803644,0.815136
40,2,0 1,3,2,0.805503,0.773859
40,3,1 2,0,3,0.831322,0.782290
41,0,2 3,1,0,0.773304,0.792710
41,1,0 3,2,1,0.792805,0.764626
41,2,0 1,3,2,0.750474,0.760054
41,3,1 2,0,3,0.791712,0.786984
42,0,2 3,1,0,0.765819,0.800204
42,1,0 3,2,1,0.788748,0.776571
42,2,0 1,3,2,0.769878,0.761587
42,3,1 2,0,3,0.818132,0.760841
43,0,2 3,1,0,0.862519,0.862519
43,1,0 3,2,1,0.862340,0.860481
43,2,0 1,3,2,0.818696,0.866667
43,3,1 2,0,3,0.883315,0.821331
44,0,2 3,1,0,0.740943,0.728576
44,1,0 3,2,1,0.712295,0.753651
44,2,0 1,3,2,0.741859,0.744154
44,3,1 2,0,3,0.721177,0.713764
45,0,2 3,1,0,0.692116,0.706306
45,1,0 3,2,1,0.682955,0.693145
45,2,0 1,3,2,0.709438,0.654875
45,3,1 2,0,3,0.695358,0.667202
46,0,2 3,1,0,0.865515,0.808635
46,1,0 3,2,1,0.858011,0.847814
46,2,0 1,3,2,0.855379,0.880077
46,3,1 2,0,3,0.829070,0.860211
47,0,2 3,1,0,0.923794,0.890798
47,1,0 3,2,1,0.939537,0.928581
47,2,0 1,3,2,0.910837,0.916195
47,3,1 2,0,3,0.904896,0.928336
48,0,2 3,1,0,0.870297,0.887519
48,1,0 3,2,1,0.870426,0.875004
48,2,0 1,3,2,0.864939,0.872048
48,3,1 2,0,3,0.906977,0.854070
49,0,2 3,1,0,0.864528,0.879816
49,1,0 3,2,1,0.877751,0.848735
49,2,0 1,3,2,0.894290,0.883878
49,3,1 2,0,3,0.869739,0.888190
50,0,2 3,1,0,0.882875,0.894732
50,1,0 3,2,1,0.838635,0.876229
50,2,0 1,3,2,0.925592,0.840614
50,3,1 2,0,3,0.897503,0.924052
51,0,2 3,1,0,0.869873,0.874528
51,1,0 3,2,1,0.814762,0.845918
51,2,0 1,3,2,0.848880,0.829592
51,3,1 2,0,3,0.857576,0.820129
52,0,2 3,1,0,0.893048,0.901537
52,1,0 3,2,1,0.848655,0.876646
52,2,0 1,3,2,0.894506,0.851531
52,3,1 2,0,3,0.921086,0.913392
53,0,2 3,1,0,0.869181,0.867048
53,1,0 3,2,1,0.887329,0.882451
53,2,0 1,3,2,0.840138,0.879363
53,3,1 2,0,3,0.878107,0.850823
54,0,2 3,1,0,0.705258,0.729930
54,1,0 3,2,1,0.759601,0.745830
54,2,0 1,3,2,0.776220,0.754903
54,3,1 2,0,3,0.777710,0.751157
55,0,2 3,1,0,0.847943,0.850027
55,1,0 3,2,1,0.825209,0.846193
55,2,0 1,3,2,0.830637,0.841274
55,3,1 2,0,3,0.836982,0.843356
