dataset,model,protocol,fold_id,protocol_tag,seed,train_subjects,val_subjects,test_subjects,n_train,n_val,n_test,lr,weight_decay,batch_size,epochs,best_epoch,best_val_loss,main_metric,main_value,accuracy,balanced_accuracy,precision,recall,f1,kappa,auc,auc_ovr_macro
p300,eegnet_ms_se,cross,0,p300_cross_fold0_TESTSET,42,"[20, 50, 42, 27, 44, 13, 53, 4, 34, 35, 9, 18, 7, 5, 48, 28, 47, 46, 54, 16, 10, 17, 25, 31, 38, 26, 12, 1, 49, 37, 30, 41, 2, 22, 3, 51, 40, 36, 24, 45, 11, 23, 19, 55, 21, 8, 43, 15, 29, 52, 39]","[32, 6, 33, 14]","[1, 2, 3, 4, 5, 6, 7, 8, 9, 10, 11, 12, 13, 14, 15, 16, 17, 18, 19, 20, 21, 22, 23, 24, 25, 26, 27, 28, 29, 30, 31, 32, 33, 34, 35, 36, 37, 38, 39, 40, 41, 42, 43, 44, 45, 46, 47, 48, 49, 50, 51, 52, 53, 54, 55]",91800,7200,277200,0.001,0.0,32,500,67,0.519380167722702,auc,0.8042203801465491,0.7573737373737374,0.7271948051948052,0.3747650655437394,0.6819264069264069,0.4837025778023429,0.3422010093501819,0.8042203801465491,
p300,eegnet_ms_se,cross,1,p300_cross_fold1_TESTSET,42,"[11, 49, 3, 38, 37, 12, 41, 27, 30, 55, 19, 1, 20, 22, 9, 24, 39, 33, 52, 13, 16, 21, 32, 25, 28, 23, 51, 53, 15, 31, 50, 48, 10, 34, 26, 18, 29, 46, 42, 6, 2, 4, 40, 36, 17, 14, 35, 47, 8, 44, 7]","[45, 5, 54, 43]","[1, 2, 3, 4, 5, 6, 7, 8, 9, 10, 11, 12, 13, 14, 15, 16, 17, 18, 19, 20, 21, 22, 23, 24, 25, 26, 27, 28, 29, 30, 31, 32, 33, 34, 35, 36, 37, 38, 39, 40, 41, 42, 43, 44, 45, 46, 47, 48, 49, 50, 51, 52, 53, 54, 55]",91800,7200,277200,0.001,0.0,32,500,89,0.5874910346666972,auc,0.8020631337493676,0.7600901875901875,0.7255606060606061,0.3770394505747405,0.6737662337662338,0.4835079489589077,0.3431110437972067,0.8020631337493676,
p300,eegnet_ms_se,cross,2,p300_cross_fold2_TESTSET,42,"[21, 50, 2, 46, 6, 44, 53, 18, 11, 52, 16, 20, 31, 4, 17, 38, 19, 13, 10, 25, 15, 48, 49, 45, 43, 26, 54, 36, 3, 14, 51, 1, 40, 27, 22, 35, 37, 24, 23, 55, 34, 12, 8, 9, 7, 28, 41, 39, 42, 5, 33]","[47, 29, 32, 30]","[1, 2, 3, 4, 5, 6, 7, 8, 9, 10, 11, 12, 13, 14, 15, 16, 17, 18, 19, 20, 21, 22, 23, 24, 25, 26, 27, 28, 29, 30, 31, 32, 33, 34, 35, 36, 37, 38, 39, 40, 41, 42, 43, 44, 45, 46, 47, 48, 49, 50, 51, 52, 53, 54, 55]",91800,7200,277200,0.001,0.0,32,500,85,0.5096704561842812,auc,0.8039185105226663,0.7678535353535354,0.7257251082251082,0.3856543486751754,0.6625324675324675,0.4875247871688076,0.3507288002206242,0.8039185105226663,
p300,eegnet_ms_se,cross,3,p300_cross_fold3_TESTSET,42,"[29, 47, 41, 18, 49, 38, 23, 21, 32, 48, 43, 37, 19, 5, 46, 40, 2, 7, 12, 31, 26, 17, 50, 35, 34, 22, 36, 15, 24, 51, 9, 42, 8, 55, 45, 3, 13, 27, 1, 33, 39, 25, 53, 11, 30, 20, 52, 44, 54, 28, 6]","[16, 10, 4, 14]","[1, 2, 3, 4, 5, 6, 7, 8, 9, 10, 11, 12, 13, 14, 15, 16, 17, 18, 19, 20, 21, 22, 23, 24, 25, 26, 27, 28, 29, 30, 31, 32, 33, 34, 35, 36, 37, 38, 39, 40, 41, 42, 43, 44, 45, 46, 47, 48, 49, 50, 51, 52, 53, 54, 55]",91800,7200,277200,0.001,0.0,32,500,26,0.5292211695512136,auc,0.8027792914769214,0.7660569985569986,0.7248809523809523,0.3833285369302185,0.6631168831168831,0.4858191736507005,0.3481245937234034,0.8027792914769214,
p300,eegnet_ms_se,cross,4,p300_cross_fold4_TESTSET,42,"[36, 15, 30, 10, 31, 51, 2, 13, 42, 12, 41, 21, 23, 18, 46, 8, 1, 47, 25, 7, 39, 35, 55, 54, 19, 50, 27, 28, 20, 3, 29, 40, 43, 9, 33, 16, 49, 22, 52, 34, 5, 24, 38, 17, 11, 4, 53, 6, 32, 26, 44]","[14, 37, 45, 48]","[1, 2, 3, 4, 5, 6, 7, 8, 9, 10, 11, 12, 13, 14, 15, 16, 17, 18, 19, 20, 21, 22, 23, 24, 25, 26, 27, 28, 29, 30, 31, 32, 33, 34, 35, 36, 37, 38, 39, 40, 41, 42, 43, 44, 45, 46, 47, 48, 49, 50, 51, 52, 53, 54, 55]",91800,7200,277200,0.001,0.0,32,500,18,0.6071764788362715,auc,0.8008261606791477,0.771976911976912,0.7224242424242424,0.3894033189408521,0.6480952380952381,0.4864979040067592,0.3514556200065667,0.8008261606791477,
p300,eegnet_ms_se,cross,5,p300_cross_fold5_TESTSET,42,"[52, 17, 40, 50, 6, 15, 39, 53, 46, 51, 26, 7, 38, 54, 30, 27, 23, 55, 4, 49, 45, 44, 22, 2, 31, 14, 18, 29, 34, 25, 47, 43, 36, 8, 11, 42, 33, 24, 20, 3, 16, 19, 35, 41, 9, 32, 37, 5, 12, 48, 1]","[13, 21, 28, 10]","[1, 2, 3, 4, 5, 6, 7, 8, 9, 10, 11, 12, 13, 14, 15, 16, 17, 18, 19, 20, 21, 22, 23, 24, 25, 26, 27, 28, 29, 30, 31, 32, 33, 34, 35, 36, 37, 38, 39, 40, 41, 42, 43, 44, 45, 46, 47, 48, 49, 50, 51, 52, 53, 54, 55]",91800,7200,277200,0.001,0.0,32,500,411,0.5172639270623525,auc,0.8069059472742266,0.7626767676767677,0.7304199134199134,0.3814492893978645,0.682034632034632,0.4892629225346645,0.3503943228048924,0.8069059472742266,
p300,eegnet_ms_se,cross,6,p300_cross_fold6_TESTSET,42,"[46, 38, 41, 9, 16, 40, 54, 32, 42, 36, 11, 45, 2, 15, 25, 14, 8, 26, 22, 10, 18, 3, 1, 23, 52, 37, 53, 20, 48, 31, 39, 24, 43, 6, 29, 51, 49, 17, 35, 4, 19, 5, 50, 47, 28, 33, 30, 21, 34, 55, 27]","[12, 44, 7, 13]","[1, 2, 3, 4, 5, 6, 7, 8, 9, 10, 11, 12, 13, 14, 15, 16, 17, 18, 19, 20, 21, 22, 23, 24, 25, 26, 27, 28, 29, 30, 31, 32, 33, 34, 35, 36, 37, 38, 39, 40, 41, 42, 43, 44, 45, 46, 47, 48, 49, 50, 51, 52, 53, 54, 55]",91800,7200,277200,0.001,0.0,32,500,116,0.5291103090180291,auc,0.804669918714042,0.7694083694083694,0.7260865800865801,0.3875720122833286,0.6611038961038961,0.4886645441018831,0.3526258220463723,0.804669918714042,
p300,eegnet_ms_se,cross,7,p300_cross_fold7_TESTSET,42,"[3, 9, 19, 21, 4, 54, 55, 51, 43, 42, 18, 48, 46, 5, 11, 40, 6, 10, 47, 17, 39, 27, 49, 38, 29, 30, 31, 26, 53, 22, 41, 32, 2, 34, 28, 15, 23, 12, 14, 16, 8, 1, 20, 45, 36, 7, 13, 24, 25, 50, 35]","[44, 37, 52, 33]","[1, 2, 3, 4, 5, 6, 7, 8, 9, 10, 11, 12, 13, 14, 15, 16, 17, 18, 19, 20, 21, 22, 23, 24, 25, 26, 27, 28, 29, 30, 31, 32, 33, 34, 35, 36, 37, 38, 39, 40, 41, 42, 43, 44, 45, 46, 47, 48, 49, 50, 51, 52, 53, 54, 55]",91800,7200,277200,0.001,0.0,32,500,315,0.5525097358226776,auc,0.8037761155619272,0.7781132756132756,0.7243484848484849,0.3976599585478371,0.6437012987012987,0.4916146629747489,0.3596800499705035,0.8037761155619272,
p300,eegnet_ms_se,cross,8,p300_cross_fold8_TESTSET,42,"[46, 6, 8, 2, 13, 21, 38, 4, 7, 41, 27, 10, 54, 40, 24, 20, 31, 52, 15, 50, 14, 39, 35, 36, 51, 48, 47, 44, 3, 29, 22, 5, 16, 55, 25, 32, 34, 43, 1, 12, 9, 23, 49, 37, 26, 28, 53, 17, 19, 30, 42]","[11, 33, 45, 18]","[1, 2, 3, 4, 5, 6, 7, 8, 9, 10, 11, 12, 13, 14, 15, 16, 17, 18, 19, 20, 21, 22, 23, 24, 25, 26, 27, 28, 29, 30, 31, 32, 33, 34, 35, 36, 37, 38, 39, 40, 41, 42, 43, 44, 45, 46, 47, 48, 49, 50, 51, 52, 53, 54, 55]",91800,7200,277200,0.001,0.0,32,500,345,0.5775425228807661,auc,0.79987109152752,0.7613816738816739,0.7228722943722944,0.3774892200341519,0.6651082251082251,0.4816263195429502,0.3416267974333283,0.79987109152752,
p300,eegnet_ms_se,cross,9,p300_cross_fold9_TESTSET,42,"[43, 26, 25, 15, 50, 48, 7, 9, 40, 23, 39, 22, 29, 30, 17, 37, 18, 53, 44, 14, 41, 13, 34, 11, 54, 8, 42, 51, 3, 38, 36, 33, 35, 12, 46, 20, 27, 52, 28, 2, 47, 24, 16, 4, 45, 5, 1, 32, 19, 10, 31]","[21, 6, 55, 49]","[1, 2, 3, 4, 5, 6, 7, 8, 9, 10, 11, 12, 13, 14, 15, 16, 17, 18, 19, 20, 21, 22, 23, 24, 25, 26, 27, 28, 29, 30, 31, 32, 33, 34, 35, 36, 37, 38, 39, 40, 41, 42, 43, 44, 45, 46, 47, 48, 49, 50, 51, 52, 53, 54, 55]",91800,7200,277200,0.001,0.0,32,500,362,0.5011145561271244,auc,0.8055707125990892,0.7786471861471862,0.7253528138528138,0.3986630122334381,0.6454112554112554,0.4928798710690524,0.3612651375828446,0.8055707125990892,
p300,eegnet_ms_se,cross,10,p300_cross_fold10_TESTSET,42,"[46, 8, 1, 15, 26, 11, 5, 54, 3, 40, 14, 31, 7, 21, 27, 28, 52, 45, 4, 41, 19, 38, 22, 47, 16, 20, 34, 33, 17, 30, 48, 25, 42, 13, 12, 53, 44, 23, 51, 32, 39, 18, 55, 50, 49, 35, 24, 9, 37, 10, 36]","[2, 29, 6, 43]","[1, 2, 3, 4, 5, 6, 7, 8, 9, 10, 11, 12, 13, 14, 15, 16, 17, 18, 19, 20, 21, 22, 23, 24, 25, 26, 27, 28, 29, 30, 31, 32, 33, 34, 35, 36, 37, 38, 39, 40, 41, 42, 43, 44, 45, 46, 47, 48, 49, 50, 51, 52, 53, 54, 55]",91800,7200,277200,0.001,0.0,32,500,48,0.5296575778060489,auc,0.8039467703472574,0.7778860028860028,0.7247835497835498,0.3975060016004267,0.6451298701298701,0.4919128569070803,0.3598904907125034,0.8039467703472574,
p300,eegnet_ms_se,cross,11,p300_cross_fold11_TESTSET,42,"[30, 47, 44, 51, 50, 46, 26, 15, 28, 3, 41, 49, 52, 4, 25, 37, 38, 20, 22, 1, 36, 55, 8, 19, 6, 32, 53, 48, 2, 27, 40, 13, 7, 17, 10, 9, 12, 18, 11, 43, 29, 23, 35, 5, 31, 14, 54, 42, 45, 39, 16]","[21, 34, 33, 24]","[1, 2, 3, 4, 5, 6, 7, 8, 9, 10, 11, 12, 13, 14, 15, 16, 17, 18, 19, 20, 21, 22, 23, 24, 25, 26, 27, 28, 29, 30, 31, 32, 33, 34, 35, 36, 37, 38, 39, 40, 41, 42, 43, 44, 45, 46, 47, 48, 49, 50, 51, 52, 53, 54, 55]",91800,7200,277200,0.001,0.0,32,500,123,0.5114708601103889,auc,0.8058933795749704,0.7652236652236653,0.7282337662337662,0.3835171886182473,0.6727489177489178,0.4885336602694079,0.3506804485772439,0.8058933795749704,
p300,eegnet_ms_se,cross,12,p300_cross_fold12_TESTSET,42,"[7, 29, 47, 2, 4, 48, 5, 26, 31, 43, 53, 45, 10, 12, 44, 40, 49, 23, 22, 51, 50, 30, 14, 17, 9, 15, 18, 46, 55, 19, 35, 36, 37, 11, 52, 16, 21, 32, 6, 38, 33, 25, 54, 13, 3, 1, 39, 41, 8, 28, 20]","[34, 24, 42, 27]","[1, 2, 3, 4, 5, 6, 7, 8, 9, 10, 11, 12, 13, 14, 15, 16, 17, 18, 19, 20, 21, 22, 23, 24, 25, 26, 27, 28, 29, 30, 31, 32, 33, 34, 35, 36, 37, 38, 39, 40, 41, 42, 43, 44, 45, 46, 47, 48, 49, 50, 51, 52, 53, 54, 55]",91800,7200,277200,0.001,0.0,32,500,163,0.5188295969698165,auc,0.8057357201889022,0.7713203463203463,0.7265497835497836,0.3899741416830948,0.6593939393939394,0.4900979745491401,0.3549973544614633,0.8057357201889022,
p300,eegnet_ms_se,cross,13,p300_cross_fold13_TESTSET,42,"[48, 47, 8, 39, 7, 24, 50, 54, 14, 37, 19, 12, 44, 16, 23, 3, 52, 40, 45, 46, 31, 22, 41, 26, 21, 11, 53, 15, 32, 43, 1, 51, 42, 30, 10, 2, 25, 5, 18, 6, 35, 49, 29, 28, 13, 20, 33, 9, 17, 27, 36]","[4, 55, 38, 34]","[1, 2, 3, 4, 5, 6, 7, 8, 9, 10, 11, 12, 13, 14, 15, 16, 17, 18, 19, 20, 21, 22, 23, 24, 25, 26, 27, 28, 29, 30, 31, 32, 33, 34, 35, 36, 37, 38, 39, 40, 41, 42, 43, 44, 45, 46, 47, 48, 49, 50, 51, 52, 53, 54, 55]",91800,7200,277200,0.001,0.0,32,500,118,0.5303355869981977,auc,0.8053140762916737,0.7654906204906204,0.7278744588744588,0.3836953295072234,0.6714502164502164,0.4883351174359297,0.3505807603164876,0.8053140762916737,
p300,eegnet_ms_se,cross,14,p300_cross_fold14_TESTSET,42,"[35, 48, 10, 18, 37, 20, 50, 22, 29, 52, 36, 43, 6, 7, 19, 11, 2, 54, 55, 38, 42, 23, 15, 16, 17, 25, 27, 33, 30, 5, 47, 12, 3, 44, 26, 39, 8, 31, 28, 34, 32, 40, 51, 4, 13, 45, 1, 46, 9, 14, 21]","[53, 49, 24, 41]","[1, 2, 3, 4, 5, 6, 7, 8, 9, 10, 11, 12, 13, 14, 15, 16, 17, 18, 19, 20, 21, 22, 23, 24, 25, 26, 27, 28, 29, 30, 31, 32, 33, 34, 35, 36, 37, 38, 39, 40, 41, 42, 43, 44, 45, 46, 47, 48, 49, 50, 51, 52, 53, 54, 55]",91800,7200,277200,0.001,0.0,32,500,57,0.4979028211037318,auc,0.8047496403740559,0.7771681096681097,0.7249588744588744,0.3966462645547604,0.6466450216450217,0.4916926571153482,0.3593269210822921,0.8047496403740559,
p300,eegnet_ms_se,cross,15,p300_cross_fold15_TESTSET,42,"[32, 44, 54, 12, 38, 9, 14, 1, 55, 43, 39, 37, 45, 33, 41, 21, 19, 18, 25, 3, 53, 28, 49, 48, 8, 40, 22, 36, 31, 16, 23, 11, 13, 2, 6, 34, 50, 24, 20, 46, 47, 52, 10, 4, 29, 5, 17, 51, 42, 30, 15]","[26, 7, 27, 35]","[1, 2, 3, 4, 5, 6, 7, 8, 9, 10, 11, 12, 13, 14, 15, 16, 17, 18, 19, 20, 21, 22, 23, 24, 25, 26, 27, 28, 29, 30, 31, 32, 33, 34, 35, 36, 37, 38, 39, 40, 41, 42, 43, 44, 45, 46, 47, 48, 49, 50, 51, 52, 53, 54, 55]",91800,7200,277200,0.001,0.0,32,500,68,0.5021273626221551,auc,0.80387015142145,0.7735966810966811,0.7250238095238095,0.3922206745726969,0.6521645021645022,0.4898430323771124,0.355740868743969,0.80387015142145,
p300,eegnet_ms_se,cross,16,p300_cross_fold16_TESTSET,42,"[45, 4, 49, 16, 42, 20, 25, 46, 9, 29, 10, 12, 5, 34, 39, 6, 18, 13, 32, 11, 33, 38, 51, 3, 7, 19, 53, 27, 37, 40, 2, 24, 41, 23, 28, 50, 14, 54, 15, 35, 8, 1, 36, 26, 17, 48, 43, 30, 55, 22, 47]","[52, 31, 44, 21]","[1, 2, 3, 4, 5, 6, 7, 8, 9, 10, 11, 12, 13, 14, 15, 16, 17, 18, 19, 20, 21, 22, 23, 24, 25, 26, 27, 28, 29, 30, 31, 32, 33, 34, 35, 36, 37, 38, 39, 40, 41, 42, 43, 44, 45, 46, 47, 48, 49, 50, 51, 52, 53, 54, 55]",91800,7200,277200,0.001,0.0,32,500,207,0.5703732283910116,auc,0.8050033117820131,0.7631204906204906,0.7276212121212121,0.3809966371140324,0.6743722943722944,0.4869075991404571,0.3480423630647029,0.8050033117820131,
p300,eegnet_ms_se,cross,17,p300_cross_fold17_TESTSET,42,"[38, 54, 20, 10, 1, 13, 17, 15, 27, 12, 53, 2, 31, 28, 5, 46, 43, 3, 25, 9, 30, 24, 11, 4, 16, 23, 32, 51, 21, 49, 33, 39, 48, 26, 6, 37, 55, 42, 19, 44, 40, 8, 50, 34, 22, 52, 36, 47, 18, 45, 41]","[14, 35, 7, 29]","[1, 2, 3, 4, 5, 6, 7, 8, 9, 10, 11, 12, 13, 14, 15, 16, 17, 18, 19, 20, 21, 22, 23, 24, 25, 26, 27, 28, 29, 30, 31, 32, 33, 34, 35, 36, 37, 38, 39, 40, 41, 42, 43, 44, 45, 46, 47, 48, 49, 50, 51, 52, 53, 54, 55]",91800,7200,277200,0.001,0.0,32,500,459,0.5021239834361606,auc,0.8057077633946141,0.7769047619047619,0.7268874458874459,0.3969212114821941,0.6518614718614718,0.4934056392024509,0.3610219460784989,0.8057077633946141,
p300,eegnet_ms_se,cross,18,p300_cross_fold18_TESTSET,42,"[39, 47, 25, 31, 16, 34, 7, 32, 22, 36, 17, 46, 9, 28, 41, 43, 30, 55, 35, 2, 42, 29, 23, 50, 10, 24, 18, 49, 53, 3, 13, 11, 37, 38, 14, 48, 1, 12, 52, 33, 20, 19, 4, 54, 6, 5, 44, 45, 51, 26, 8]","[40, 15, 27, 21]","[1, 2, 3, 4, 5, 6, 7, 8, 9, 10, 11, 12, 13, 14, 15, 16, 17, 18, 19, 20, 21, 22, 23, 24, 25, 26, 27, 28, 29, 30, 31, 32, 33, 34, 35, 36, 37, 38, 39, 40, 41, 42, 43, 44, 45, 46, 47, 48, 49, 50, 51, 52, 53, 54, 55]",91800,7200,277200,0.001,0.0,32,500,363,0.5482653907934825,auc,0.8035118597852364,0.7542099567099567,0.7270714285714286,0.3715159396857755,0.6863636363636364,0.4820870675697247,0.3391689782933406,0.8035118597852364,
p300,eegnet_ms_se,cross,19,p300_cross_fold19_TESTSET,42,"[20, 52, 3, 17, 47, 36, 2, 23, 38, 16, 54, 33, 15, 49, 6, 39, 53, 24, 7, 27, 45, 18, 32, 10, 13, 25, 4, 48, 26, 43, 19, 5, 42, 21, 50, 30, 14, 37, 41, 55, 8, 29, 22, 40, 1, 51, 35, 12, 34, 9, 11]","[46, 44, 31, 28]","[1, 2, 3, 4, 5, 6, 7, 8, 9, 10, 11, 12, 13, 14, 15, 16, 17, 18, 19, 20, 21, 22, 23, 24, 25, 26, 27, 28, 29, 30, 31, 32, 33, 34, 35, 36, 37, 38, 39, 40, 41, 42, 43, 44, 45, 46, 47, 48, 49, 50, 51, 52, 53, 54, 55]",91800,7200,277200,0.001,0.0,32,500,382,0.5516093879275852,auc,0.8032896865219917,0.7532106782106782,0.7266883116883117,0.3703898225957049,0.6869047619047619,0.4812708522899606,0.3378823073945025,0.8032896865219917,
p300,eegnet_ms_se,cross,20,p300_cross_fold20_TESTSET,42,"[16, 31, 17, 25, 21, 34, 18, 19, 14, 3, 11, 55, 41, 12, 28, 23, 35, 8, 45, 26, 20, 24, 49, 48, 53, 13, 6, 44, 40, 46, 5, 10, 2, 22, 4, 43, 54, 37, 50, 38, 51, 36, 27, 39, 30, 33, 29, 47, 15, 52, 42]","[1, 7, 9, 32]","[1, 2, 3, 4, 5, 6, 7, 8, 9, 10, 11, 12, 13, 14, 15, 16, 17, 18, 19, 20, 21, 22, 23, 24, 25, 26, 27, 28, 29, 30, 31, 32, 33, 34, 35, 36, 37, 38, 39, 40, 41, 42, 43, 44, 45, 46, 47, 48, 49, 50, 51, 52, 53, 54, 55]",91800,7200,277200,0.001,0.0,32,500,39,0.4986682109038035,auc,0.8024787575663874,0.7635064935064935,0.7250649350649351,0.3805539099526066,0.6674025974025974,0.4847198641765705,0.345852957611559,0.8024787575663874,
p300,eegnet_ms_se,cross,21,p300_cross_fold21_TESTSET,42,"[3, 45, 2, 53, 41, 34, 10, 20, 16, 27, 21, 15, 35, 24, 39, 48, 38, 30, 1, 54, 11, 32, 50, 42, 14, 29, 19, 22, 9, 31, 28, 55, 37, 5, 4, 36, 49, 51, 33, 25, 18, 40, 13, 52, 12, 43, 46, 26, 47, 23, 8]","[44, 7, 6, 17]","[1, 2, 3, 4, 5, 6, 7, 8, 9, 10, 11, 12, 13, 14, 15, 16, 17, 18, 19, 20, 21, 22, 23, 24, 25, 26, 27, 28, 29, 30, 31, 32, 33, 34, 35, 36, 37, 38, 39, 40, 41, 42, 43, 44, 45, 46, 47, 48, 49, 50, 51, 52, 53, 54, 55]",91800,7200,277200,0.001,0.0,32,500,459,0.5100623242060344,auc,0.803796932966024,0.773423520923521,0.7249978354978355,0.3920010405150549,0.6523593073593074,0.4897266116911077,0.3555392140096454,0.803796932966024,
p300,eegnet_ms_se,cross,22,p300_cross_fold22_TESTSET,42,"[55, 4, 41, 30, 12, 16, 36, 53, 3, 46, 14, 51, 49, 40, 35, 19, 13, 1, 39, 54, 8, 48, 37, 31, 32, 9, 20, 47, 42, 21, 28, 26, 22, 29, 33, 45, 6, 52, 25, 24, 44, 43, 17, 50, 34, 27, 18, 7, 2, 38, 11]","[5, 10, 23, 15]","[1, 2, 3, 4, 5, 6, 7, 8, 9, 10, 11, 12, 13, 14, 15, 16, 17, 18, 19, 20, 21, 22, 23, 24, 25, 26, 27, 28, 29, 30, 31, 32, 33, 34, 35, 36, 37, 38, 39, 40, 41, 42, 43, 44, 45, 46, 47, 48, 49, 50, 51, 52, 53, 54, 55]",91800,7200,277200,0.001,0.0,32,500,122,0.4858395122819476,auc,0.8034194100560335,0.7650829725829725,0.7258463203463204,0.3825621671280835,0.666991341991342,0.4862365778033751,0.348153808166888,0.8034194100560335,
p300,eegnet_ms_se,cross,23,p300_cross_fold23_TESTSET,42,"[50, 43, 9, 46, 6, 40, 12, 54, 11, 17, 20, 16, 14, 44, 2, 30, 26, 36, 45, 35, 5, 15, 25, 22, 37, 38, 31, 27, 42, 24, 49, 53, 52, 55, 7, 48, 28, 23, 33, 34, 19, 47, 10, 32, 3, 39, 29, 8, 1, 4, 51]","[21, 13, 41, 18]","[1, 2, 3, 4, 5, 6, 7, 8, 9, 10, 11, 12, 13, 14, 15, 16, 17, 18, 19, 20, 21, 22, 23, 24, 25, 26, 27, 28, 29, 30, 31, 32, 33, 34, 35, 36, 37, 38, 39, 40, 41, 42, 43, 44, 45, 46, 47, 48, 49, 50, 51, 52, 53, 54, 55]",91800,7200,277200,0.001,0.0,32,500,251,0.5538578246037166,auc,0.803656861237608,0.7557792207792208,0.726974025974026,0.3730602990150924,0.6837662337662338,0.4827396506670334,0.3405096832014963,0.803656861237608,
p300,eegnet_ms_se,cross,24,p300_cross_fold24_TESTSET,42,"[16, 41, 37, 38, 55, 4, 32, 6, 15, 7, 33, 13, 43, 8, 35, 26, 28, 52, 49, 51, 40, 14, 27, 31, 10, 17, 24, 39, 22, 34, 9, 30, 46, 45, 12, 23, 3, 53, 42, 11, 20, 5, 1, 2, 18, 29, 36, 54, 48, 19, 21]","[44, 25, 47, 50]","[1, 2, 3, 4, 5, 6, 7, 8, 9, 10, 11, 12, 13, 14, 15, 16, 17, 18, 19, 20, 21, 22, 23, 24, 25, 26, 27, 28, 29, 30, 31, 32, 33, 34, 35, 36, 37, 38, 39, 40, 41, 42, 43, 44, 45, 46, 47, 48, 49, 50, 51, 52, 53, 54, 55]",91800,7200,277200,0.001,0.0,32,500,91,0.5395581693119473,auc,0.8041526599951275,0.7656998556998557,0.7266753246753247,0.3835296456438546,0.6681385281385281,0.4873227874080389,0.3495834000961384,0.8041526599951275,
p300,eegnet_ms_se,cross,25,p300_cross_fold25_TESTSET,42,"[5, 9, 50, 39, 40, 3, 18, 55, 48, 24, 29, 16, 20, 8, 49, 46, 4, 32, 19, 1, 11, 44, 2, 14, 33, 30, 28, 43, 26, 51, 10, 7, 47, 52, 45, 6, 31, 27, 21, 22, 42, 23, 12, 53, 25, 37, 17, 34, 38, 41, 36]","[35, 13, 54, 15]","[1, 2, 3, 4, 5, 6, 7, 8, 9, 10, 11, 12, 13, 14, 15, 16, 17, 18, 19, 20, 21, 22, 23, 24, 25, 26, 27, 28, 29, 30, 31, 32, 33, 34, 35, 36, 37, 38, 39, 40, 41, 42, 43, 44, 45, 46, 47, 48, 49, 50, 51, 52, 53, 54, 55]",91800,7200,277200,0.001,0.0,32,500,478,0.5264216221703424,auc,0.8061818571147468,0.749534632034632,0.7295216450216451,0.3678112516076164,0.6995021645021645,0.4821166168144827,0.3373535755871293,0.8061818571147468,
p300,eegnet_ms_se,cross,26,p300_cross_fold26_TESTSET,42,"[24, 46, 29, 4, 11, 31, 41, 18, 14, 32, 28, 7, 22, 8, 16, 27, 15, 55, 23, 10, 44, 39, 33, 5, 52, 12, 54, 6, 30, 3, 51, 37, 25, 1, 49, 40, 42, 48, 2, 26, 9, 34, 50, 45, 17, 43, 35, 19, 20, 47, 36]","[13, 21, 53, 38]","[1, 2, 3, 4, 5, 6, 7, 8, 9, 10, 11, 12, 13, 14, 15, 16, 17, 18, 19, 20, 21, 22, 23, 24, 25, 26, 27, 28, 29, 30, 31, 32, 33, 34, 35, 36, 37, 38, 39, 40, 41, 42, 43, 44, 45, 46, 47, 48, 49, 50, 51, 52, 53, 54, 55]",91800,7200,277200,0.001,0.0,32,500,490,0.5265217036671108,auc,0.8043910416783793,0.7669119769119769,0.7260952380952381,0.3847030533777522,0.6648701298701298,0.4873934912650937,0.3501803601839807,0.8043910416783793,
p300,eegnet_ms_se,cross,27,p300_cross_fold27_TESTSET,42,"[19, 54, 25, 20, 55, 53, 1, 48, 52, 41, 6, 27, 4, 33, 43, 42, 28, 40, 11, 5, 38, 2, 13, 12, 3, 24, 36, 44, 50, 37, 30, 31, 18, 29, 49, 8, 9, 45, 15, 14, 51, 22, 21, 26, 23, 17, 7, 16, 10, 32, 47]","[34, 39, 46, 35]","[1, 2, 3, 4, 5, 6, 7, 8, 9, 10, 11, 12, 13, 14, 15, 16, 17, 18, 19, 20, 21, 22, 23, 24, 25, 26, 27, 28, 29, 30, 31, 32, 33, 34, 35, 36, 37, 38, 39, 40, 41, 42, 43, 44, 45, 46, 47, 48, 49, 50, 51, 52, 53, 54, 55]",91800,7200,277200,0.001,0.0,32,500,68,0.526051615079244,auc,0.8055217698787505,0.744484126984127,0.7290367965367965,0.3629453205863039,0.7058658008658009,0.4793937567529823,0.3324358627969663,0.8055217698787505,
p300,eegnet_ms_se,cross,28,p300_cross_fold28_TESTSET,42,"[2, 28, 27, 50, 43, 8, 7, 6, 33, 11, 40, 54, 48, 12, 31, 17, 23, 9, 15, 34, 21, 37, 45, 41, 38, 51, 4, 53, 36, 14, 3, 42, 1, 5, 20, 49, 25, 30, 10, 16, 44, 47, 29, 46, 39, 35, 52, 32, 18, 55, 13]","[19, 24, 22, 26]","[1, 2, 3, 4, 5, 6, 7, 8, 9, 10, 11, 12, 13, 14, 15, 16, 17, 18, 19, 20, 21, 22, 23, 24, 25, 26, 27, 28, 29, 30, 31, 32, 33, 34, 35, 36, 37, 38, 39, 40, 41, 42, 43, 44, 45, 46, 47, 48, 49, 50, 51, 52, 53, 54, 55]",91800,7200,277200,0.001,0.0,32,500,163,0.5115828882323371,auc,0.8042699436854632,0.7714213564213565,0.726038961038961,0.3899279099002026,0.657965367965368,0.4896663928220493,0.3545817544717434,0.8042699436854632,
p300,eegnet_ms_se,cross,29,p300_cross_fold29_TESTSET,42,"[50, 21, 1, 7, 16, 36, 22, 33, 49, 28, 12, 19, 30, 27, 11, 2, 40, 14, 55, 38, 25, 15, 32, 13, 42, 31, 47, 24, 17, 18, 37, 53, 35, 9, 23, 44, 5, 6, 3, 41, 26, 34, 43, 10, 46, 45, 51, 29, 20, 8, 4]","[54, 39, 48, 52]","[1, 2, 3, 4, 5, 6, 7, 8, 9, 10, 11, 12, 13, 14, 15, 16, 17, 18, 19, 20, 21, 22, 23, 24, 25, 26, 27, 28, 29, 30, 31, 32, 33, 34, 35, 36, 37, 38, 39, 40, 41, 42, 43, 44, 45, 46, 47, 48, 49, 50, 51, 52, 53, 54, 55]",91800,7200,277200,0.001,0.0,32,500,59,0.5599119761255053,auc,0.8045476068195874,0.7709992784992785,0.7263311688311689,0.389521873121827,0.6593290043290043,0.4897227514248278,0.3544552240323794,0.8045476068195874,
