dataset,model,protocol,fold_id,protocol_tag,accuracy,balanced_accuracy,precision,recall,f1,auc
ern,eegnet_ms_se,within,0,within_sub2_fold0,0.8235,0.8154,0.931,0.8308,0.878,0.87
ern,eegnet_ms_se,within,1,within_sub2_fold1,0.8118,0.8083,0.9074,0.8167,0.8596,0.874
ern,eegnet_ms_se,within,2,within_sub2_fold2,0.7647,0.7514,0.7241,0.913,0.8077,0.8768115942028986
ern,eegnet_ms_se,within,3,within_sub2_fold3,0.8353,0.8203,0.8182,0.9184,0.8654,0.8985260770975056
ern,eegnet_ms_se,within,0,within_sub6_fold0,0.9412,0.4878,0.9639,0.9756,0.9697,0.8292682926829269
ern,eegnet_ms_se,within,1,within_sub6_fold1,0.9412,0.6127,0.9634,0.9753,0.9693,0.5401234567901234
ern,eegnet_ms_se,within,2,within_sub6_fold2,0.9176,0.5,0.9176,1.0,0.9571,0.4230769230769231
ern,eegnet_ms_se,within,3,within_sub6_fold3,0.8824,0.5,0.8824,1.0,0.9375,0.724
ern,eegnet_ms_se,within,0,within_sub7_fold0,0.8941,0.6055,0.925,0.961,0.9427,0.7175324675324676
ern,eegnet_ms_se,within,1,within_sub7_fold1,0.9294,0.654,0.9506,0.9747,0.9625,0.7805907172995781
ern,eegnet_ms_se,within,2,within_sub7_fold2,0.8706,0.5394,0.9241,0.9359,0.9299,0.7362637362637363
ern,eegnet_ms_se,within,3,within_sub7_fold3,0.8588,0.5,0.8588,1.0,0.9241,0.7648401826484019
ern,eegnet_ms_se,within,0,within_sub11_fold0,0.7412,0.6733,0.8689,0.791,0.8281,0.7537313432835822
ern,eegnet_ms_se,within,1,within_sub11_fold1,0.7059,0.573,0.7297,0.9153,0.812,0.6460234680573663
ern,eegnet_ms_se,within,2,within_sub11_fold2,0.5647,0.5082,0.5811,0.8776,0.6992,0.5328798185941044
ern,eegnet_ms_se,within,3,within_sub11_fold3,0.5765,0.5414,0.6167,0.74,0.6727,0.5782857142857143
ern,eegnet_ms_se,within,0,within_sub12_fold0,0.5765,0.5709,0.7391,0.5862,0.6538,0.5715197956577267
ern,eegnet_ms_se,within,1,within_sub12_fold1,0.5176,0.5379,0.6757,0.463,0.5495,0.6027479091995221
ern,eegnet_ms_se,within,2,within_sub12_fold2,0.5529,0.5694,0.5152,0.85,0.6415,0.6522222222222223
ern,eegnet_ms_se,within,3,within_sub12_fold3,0.5176,0.5358,0.463,0.6757,0.5495,0.5698198198198199
ern,eegnet_ms_se,within,0,within_sub13_fold0,0.7176,0.7302,0.8372,0.6792,0.75,0.7824292452830188
ern,eegnet_ms_se,within,1,within_sub13_fold1,0.7882,0.7832,0.75,0.75,0.75,0.8180272108843538
ern,eegnet_ms_se,within,2,within_sub13_fold2,0.7882,0.7858,0.8085,0.8085,0.8085,0.864501679731243
ern,eegnet_ms_se,within,3,within_sub13_fold3,0.7294,0.7281,0.7879,0.619,0.6933,0.8089700996677741
ern,eegnet_ms_se,within,0,within_sub14_fold0,0.7059,0.7273,0.8571,0.6545,0.7423,0.8496969696969696
ern,eegnet_ms_se,within,1,within_sub14_fold1,0.7882,0.78,0.8889,0.8,0.8421,0.824
ern,eegnet_ms_se,within,2,within_sub14_fold2,0.5882,0.5076,0.6515,0.7818,0.7107,0.44727272727272727
ern,eegnet_ms_se,within,3,within_sub14_fold3,0.6471,0.6417,0.6471,0.7333,0.6875,0.6666666666666666
ern,eegnet_ms_se,within,0,within_sub16_fold0,0.6824,0.6082,0.8,0.7619,0.7805,0.6782106782106782
ern,eegnet_ms_se,within,1,within_sub16_fold1,0.5882,0.4965,0.6216,0.8679,0.7244,0.6043632075471699
ern,eegnet_ms_se,within,2,within_sub16_fold2,0.6353,0.5635,0.6479,0.8846,0.748,0.532051282051282
ern,eegnet_ms_se,within,3,within_sub16_fold3,0.6118,0.6088,0.5781,0.8605,0.6916,0.6085271317829457
ern,eegnet_ms_se,within,0,within_sub17_fold0,0.9059,0.6867,0.9241,0.9733,0.9481,0.816
ern,eegnet_ms_se,within,1,within_sub17_fold1,0.7412,0.7413,0.8333,0.7407,0.7843,0.8034647550776584
ern,eegnet_ms_se,within,2,within_sub17_fold2,0.8,0.795,0.8163,0.8333,0.8247,0.838963963963964
ern,eegnet_ms_se,within,3,within_sub17_fold3,0.7882,0.7684,0.7719,0.898,0.8302,0.8092403628117913
ern,eegnet_ms_se,within,0,within_sub18_fold0,0.8588,0.8008,0.9403,0.8873,0.913,0.8531187122736419
ern,eegnet_ms_se,within,1,within_sub18_fold1,0.7294,0.5634,0.8028,0.8636,0.8321,0.700956937799043
ern,eegnet_ms_se,within,2,within_sub18_fold2,0.8,0.709,0.8235,0.918,0.8682,0.8025956284153005
ern,eegnet_ms_se,within,3,within_sub18_fold3,0.7294,0.6104,0.7941,0.8571,0.8244,0.7582972582972582
ern,eegnet_ms_se,within,0,within_sub20_fold0,0.7294,0.5644,0.7808,0.8906,0.8321,0.5811011904761905
ern,eegnet_ms_se,within,1,within_sub20_fold1,0.7059,0.6055,0.7727,0.8361,0.8031,0.6270491803278688
ern,eegnet_ms_se,within,2,within_sub20_fold2,0.6824,0.6029,0.6806,0.9245,0.784,0.7494103773584906
ern,eegnet_ms_se,within,3,within_sub20_fold3,0.7647,0.6791,0.7794,0.9138,0.8413,0.8116219667943806
ern,eegnet_ms_se,within,0,within_sub21_fold0,0.9647,0.9817,1.0,0.9634,0.9814,1.0
ern,eegnet_ms_se,within,1,within_sub21_fold1,0.9412,0.7315,0.975,0.963,0.9689,0.8672839506172839
ern,eegnet_ms_se,within,2,within_sub21_fold2,0.9412,0.7995,0.9615,0.974,0.9677,0.9496753246753247
ern,eegnet_ms_se,within,3,within_sub21_fold3,0.8353,0.5561,0.8625,0.9583,0.9079,0.8557692307692308
ern,eegnet_ms_se,within,0,within_sub22_fold0,0.9529,0.7377,0.9753,0.9753,0.9753,0.6790123456790124
ern,eegnet_ms_se,within,1,within_sub22_fold1,0.9176,0.5,0.9176,1.0,0.9571,0.7985347985347986
ern,eegnet_ms_se,within,2,within_sub22_fold2,0.9059,0.612,0.9259,0.974,0.9494,0.801948051948052
ern,eegnet_ms_se,within,3,within_sub22_fold3,0.9176,0.6185,0.9268,0.987,0.956,0.8214285714285714
ern,eegnet_ms_se,within,0,within_sub23_fold0,0.6588,0.6216,0.7193,0.7593,0.7387,0.6845878136200717
ern,eegnet_ms_se,within,1,within_sub23_fold1,0.6118,0.567,0.7273,0.6897,0.708,0.6060025542784163
ern,eegnet_ms_se,within,2,within_sub23_fold2,0.7412,0.6864,0.7619,0.8727,0.8136,0.7787878787878788
ern,eegnet_ms_se,within,3,within_sub23_fold3,0.6471,0.6054,0.7069,0.7593,0.7321,0.6654719235364397
ern,eegnet_ms_se,within,0,within_sub24_fold0,0.7765,0.8132,0.9836,0.7692,0.8633,0.8882783882783883
ern,eegnet_ms_se,within,1,within_sub24_fold1,0.8,0.7026,0.8657,0.8788,0.8722,0.8421052631578948
ern,eegnet_ms_se,within,2,within_sub24_fold2,0.5882,0.4808,0.6024,0.9615,0.7407,0.4947552447552448
ern,eegnet_ms_se,within,3,within_sub24_fold3,0.6471,0.6434,0.5942,0.9535,0.7321,0.8183831672203765
ern,eegnet_ms_se,within,0,within_sub26_fold0,0.5529,0.5643,0.6486,0.4898,0.5581,0.5736961451247166
ern,eegnet_ms_se,within,1,within_sub26_fold1,0.6824,0.7,0.8108,0.6,0.6897,0.6994285714285715
ern,eegnet_ms_se,within,2,within_sub26_fold2,0.6118,0.5809,0.6029,0.8723,0.713,0.6573348264277715
ern,eegnet_ms_se,within,3,within_sub26_fold3,0.5529,0.5557,0.4651,0.5714,0.5128,0.6262857142857143
ern,eegnet_ms_se,within,3,within_sub26_fold3,0.5529,0.5557,0.4651,0.5714,0.5128,0.6262857142857143
ern,eegnet_ms_se,cross,0,cross_fold0_test2,0.65,0.5496,0.6735,0.8909,0.7671,0.6454924242424243
ern,eegnet_ms_se,cross,1,cross_fold1_test14,0.6706,0.6173,0.7068,0.8186,0.7586,0.6442790697674419
ern,eegnet_ms_se,cross,2,cross_fold2_test6,0.8118,0.5907,0.9437,0.8481,0.8933,0.6507120253164557
ern,eegnet_ms_se,cross,3,cross_fold3_test2,0.6824,0.5557,0.6739,0.9864,0.8007,0.6845833333333332
ern,eegnet_ms_se,cross,4,cross_fold4_test24,0.6882,0.5153,0.7098,0.9414,0.8094,0.5852769377356145
ern,eegnet_ms_se,cross,5,cross_fold5_test7,0.8853,0.6525,0.9323,0.9414,0.9368,0.8115684532622642
ern,eegnet_ms_se,cross,6,cross_fold6_test24,0.7118,0.5377,0.7196,0.9665,0.825,0.7035088446083102
ern,eegnet_ms_se,cross,7,cross_fold7_test21,0.9059,0.6724,0.9459,0.9519,0.9489,0.7968177655677656
ern,eegnet_ms_se,cross,8,cross_fold8_test11,0.7088,0.6397,0.7442,0.8533,0.795,0.7009855072463768
ern,eegnet_ms_se,cross,9,cross_fold9_test22,0.8882,0.7362,0.9599,0.9169,0.9379,0.8714944976925808
ern,eegnet_ms_se,cross,10,cross_fold10_test16,0.6176,0.4976,0.6195,0.9953,0.7636,0.6524119181454131
ern,eegnet_ms_se,cross,11,cross_fold11_test6,0.8382,0.605,0.9454,0.8766,0.9097,0.6806434599156118
ern,eegnet_ms_se,cross,12,cross_fold12_test26,0.5706,0.5523,0.5655,0.8343,0.6741,0.6078390493067862
ern,eegnet_ms_se,cross,13,cross_fold13_test7,0.8941,0.5898,0.9195,0.9674,0.9429,0.7270753133945317
ern,eegnet_ms_se,cross,14,cross_fold14_test14,0.6353,0.6162,0.722,0.6884,0.7048,0.6622139534883721
ern,eegnet_ms_se,cross,15,cross_fold15_test16,0.6794,0.5866,0.6656,0.9716,0.79,0.6927513868988575
ern,eegnet_ms_se,cross,16,cross_fold16_test18,0.7676,0.5794,0.7993,0.931,0.8602,0.6624472573839664
ern,eegnet_ms_se,cross,17,cross_fold17_test13,0.5471,0.525,0.5364,0.9944,0.6969,0.751491191566098
ern,eegnet_ms_se,cross,18,cross_fold18_test20,0.7412,0.5877,0.7342,0.9831,0.8406,0.656922262059974
ern,eegnet_ms_se,cross,19,cross_fold19_test6,0.8647,0.6192,0.947,0.9051,0.9256,0.7178270042194094
ern,eegnet_ms_se,cross,20,cross_fold20_test18,0.7706,0.6034,0.8102,0.9157,0.8597,0.6639992240166837
ern,eegnet_ms_se,cross,21,cross_fold21_test13,0.5971,0.5785,0.5672,0.9719,0.7164,0.7941462061312248
ern,eegnet_ms_se,cross,22,cross_fold22_test11,0.7059,0.5886,0.7063,0.9511,0.8106,0.710415458937198
ern,eegnet_ms_se,cross,23,cross_fold23_test17,0.7853,0.7037,0.7762,0.9513,0.8549,0.8378745536407389
ern,eegnet_ms_se,cross,24,cross_fold24_test14,0.5941,0.5803,0.6974,0.6326,0.6634,0.6152930232558139
ern,eegnet_ms_se,cross,25,cross_fold25_test16,0.6559,0.551,0.646,0.9858,0.7805,0.7043609243543113
ern,eegnet_ms_se,cross,26,cross_fold26_test12,0.5706,0.5192,0.5657,0.9788,0.7171,0.5854444794842145
ern,eegnet_ms_se,cross,27,cross_fold27_test13,0.6647,0.6498,0.6143,0.9663,0.7511,0.7957761131918436
ern,eegnet_ms_se,cross,28,cross_fold28_test12,0.55,0.496,0.5539,0.9788,0.7075,0.5837275307473981
ern,eegnet_ms_se,cross,29,cross_fold29_test16,0.6559,0.551,0.646,0.9858,0.7805,0.7302986884161798
ern,eegnet_ms_se,cross,29,cross_fold29_test16,0.6559,0.551,0.646,0.9858,0.7805,0.7302986884161798
smr,eegnet_ms_se,within,0,within_sub1_fold0,0.5507,0.5661,0.5898,0.5661,0.5447,0.864309
smr,eegnet_ms_se,within,1,within_sub1_fold1,0.6029,0.6139,0.5837,0.6139,0.5715,0.883282
smr,eegnet_ms_se,within,2,within_sub1_fold2,0.6618,0.6417,0.653,0.6417,0.6362,0.902283
smr,eegnet_ms_se,within,3,within_sub1_fold3,0.6029,0.6398,0.6401,0.6398,0.5857,0.910616
smr,eegnet_ms_se,within,0,within_sub2_fold0,0.2794,0.2938,0.2969,0.2938,0.2697,0.618433
smr,eegnet_ms_se,within,1,within_sub2_fold1,0.5147,0.5035,0.5514,0.5035,0.5104,0.767411
smr,eegnet_ms_se,within,2,within_sub2_fold2,0.5224,0.5224,0.5114,0.5224,0.5033,0.794768
smr,eegnet_ms_se,within,3,within_sub2_fold3,0.2388,0.25,0.0597,0.25,0.0964,0.500153
smr,eegnet_ms_se,within,0,within_sub3_fold0,0.7353,0.6811,0.5815,0.6811,0.6244,0.892412
smr,eegnet_ms_se,within,1,within_sub3_fold1,0.6324,0.6455,0.6311,0.6455,0.6338,0.888552
smr,eegnet_ms_se,within,2,within_sub3_fold2,0.7761,0.7681,0.7621,0.7681,0.7509,0.924116
smr,eegnet_ms_se,within,3,within_sub3_fold3,0.7015,0.7035,0.7062,0.7035,0.7017,0.921698
smr,eegnet_ms_se,within,0,within_sub4_fold0,0.3788,0.3805,0.446,0.3805,0.379,0.657251
smr,eegnet_ms_se,within,1,within_sub4_fold1,0.3939,0.3938,0.4042,0.3938,0.3899,0.661632
smr,eegnet_ms_se,within,2,within_sub4_fold2,0.4462,0.4525,0.4788,0.4525,0.4542,0.744516
smr,eegnet_ms_se,within,3,within_sub4_fold3,0.4308,0.4446,0.4325,0.4446,0.4168,0.725413
smr,eegnet_ms_se,within,0,within_sub5_fold0,0.2879,0.2827,0.2862,0.2827,0.2838,0.583121
smr,eegnet_ms_se,within,1,within_sub5_fold1,0.3485,0.355,0.3573,0.355,0.3497,0.622163
smr,eegnet_ms_se,within,2,within_sub5_fold2,0.4769,0.4744,0.4792,0.4744,0.4642,0.647418
smr,eegnet_ms_se,within,3,within_sub5_fold3,0.2462,0.25,0.0615,0.25,0.0988,0.582759
smr,eegnet_ms_se,within,0,within_sub6_fold0,0.3636,0.3535,0.3456,0.3535,0.3402,0.63216
smr,eegnet_ms_se,within,1,within_sub6_fold1,0.3091,0.3362,0.3635,0.3362,0.3028,0.647351
smr,eegnet_ms_se,within,2,within_sub6_fold2,0.2545,0.2586,0.2769,0.2586,0.257,0.511673
smr,eegnet_ms_se,within,3,within_sub6_fold3,0.2593,0.2641,0.2641,0.2641,0.2576,0.581503
smr,eegnet_ms_se,within,0,within_sub7_fold0,0.6618,0.6709,0.7037,0.6709,0.6815,0.900817
smr,eegnet_ms_se,within,1,within_sub7_fold1,0.6324,0.6111,0.599,0.6111,0.5966,0.884734
smr,eegnet_ms_se,within,2,within_sub7_fold2,0.5588,0.5685,0.554,0.5685,0.5457,0.824601
smr,eegnet_ms_se,within,3,within_sub7_fold3,0.597,0.5954,0.5948,0.5954,0.5893,0.876632
smr,eegnet_ms_se,within,0,within_sub8_fold0,0.803,0.8095,0.8289,0.8095,0.7954,0.982516
smr,eegnet_ms_se,within,1,within_sub8_fold1,0.7879,0.7868,0.7745,0.7868,0.7688,0.956974
smr,eegnet_ms_se,within,2,within_sub8_fold2,0.6818,0.6696,0.6642,0.6696,0.6613,0.889476
smr,eegnet_ms_se,within,3,within_sub8_fold3,0.6364,0.6326,0.657,0.6326,0.6367,0.858378
smr,eegnet_ms_se,within,0,within_sub9_fold0,0.7333,0.7271,0.7852,0.7271,0.7203,0.916001
smr,eegnet_ms_se,within,1,within_sub9_fold1,0.7966,0.8031,0.8139,0.8031,0.7905,0.942309
smr,eegnet_ms_se,within,2,within_sub9_fold2,0.6949,0.7149,0.7212,0.7149,0.6954,0.895353
smr,eegnet_ms_se,within,3,within_sub9_fold3,0.7458,0.7599,0.7432,0.7599,0.744,0.945965
smr,eegnet_ms_se,within,3,within_sub9_fold3,0.7458,0.7599,0.7432,0.7599,0.744,0.945965
smr,eegnet_ms_se,cross,0,smr_cross_test1_rep0,0.4484,0.4469,0.4353,0.4469,0.4127,0.769228
smr,eegnet_ms_se,cross,1,smr_cross_test1_rep1,0.3594,0.36,0.3692,0.36,0.3545,0.663298
smr,eegnet_ms_se,cross,2,smr_cross_test1_rep2,0.4804,0.4803,0.5009,0.4803,0.4414,0.777525
smr,eegnet_ms_se,cross,3,smr_cross_test1_rep3,0.516,0.5181,0.5253,0.5181,0.4514,0.758876
smr,eegnet_ms_se,cross,4,smr_cross_test1_rep4,0.2918,0.2929,0.3196,0.2929,0.2099,0.68525
smr,eegnet_ms_se,cross,5,smr_cross_test1_rep5,0.4377,0.4361,0.4414,0.4361,0.4229,0.755226
smr,eegnet_ms_se,cross,6,smr_cross_test1_rep6,0.5445,0.5441,0.5799,0.5441,0.5486,0.834258
smr,eegnet_ms_se,cross,7,smr_cross_test1_rep7,0.3416,0.3407,0.369,0.3407,0.3029,0.56478
smr,eegnet_ms_se,cross,8,smr_cross_test1_rep8,0.5018,0.5021,0.5274,0.5021,0.4552,0.743981
smr,eegnet_ms_se,cross,9,smr_cross_test1_rep9,0.3879,0.3873,0.4189,0.3873,0.3837,0.679631
smr,eegnet_ms_se,cross,10,smr_cross_test2_rep0,0.2615,0.2607,0.2479,0.2607,0.1227,0.539552
smr,eegnet_ms_se,cross,11,smr_cross_test2_rep1,0.2367,0.236,0.3571,0.236,0.1529,0.530977
smr,eegnet_ms_se,cross,12,smr_cross_test2_rep2,0.2367,0.2386,0.2092,0.2386,0.1902,0.492442
smr,eegnet_ms_se,cross,13,smr_cross_test2_rep3,0.265,0.2641,0.1548,0.2641,0.133,0.557329
smr,eegnet_ms_se,cross,14,smr_cross_test2_rep4,0.2792,0.2781,0.2279,0.2781,0.1916,0.590982
smr,eegnet_ms_se,cross,15,smr_cross_test2_rep5,0.265,0.2641,0.137,0.2641,0.179,0.536249
smr,eegnet_ms_se,cross,16,smr_cross_test2_rep6,0.2898,0.2896,0.3149,0.2896,0.2399,0.577707
smr,eegnet_ms_se,cross,17,smr_cross_test2_rep7,0.2862,0.2859,0.2637,0.2859,0.1982,0.592396
smr,eegnet_ms_se,cross,18,smr_cross_test2_rep8,0.3357,0.3361,0.273,0.3361,0.2787,0.528446
smr,eegnet_ms_se,cross,19,smr_cross_test2_rep9,0.3251,0.3245,0.3186,0.3245,0.2437,0.605623
smr,eegnet_ms_se,cross,20,smr_cross_test3_rep0,0.5165,0.5134,0.5574,0.5134,0.4815,0.815422
smr,eegnet_ms_se,cross,21,smr_cross_test3_rep1,0.5458,0.5441,0.6029,0.5441,0.5487,0.824813
smr,eegnet_ms_se,cross,22,smr_cross_test3_rep2,0.337,0.337,0.35,0.337,0.3104,0.650879
smr,eegnet_ms_se,cross,23,smr_cross_test3_rep3,0.4505,0.4516,0.4668,0.4516,0.442,0.759998
smr,eegnet_ms_se,cross,24,smr_cross_test3_rep4,0.2564,0.2602,0.105,0.2602,0.1342,0.676161
smr,eegnet_ms_se,cross,25,smr_cross_test3_rep5,0.4762,0.4753,0.4493,0.4753,0.4408,0.752682
smr,eegnet_ms_se,cross,26,smr_cross_test3_rep6,0.315,0.3154,0.3228,0.3154,0.2921,0.585477
smr,eegnet_ms_se,cross,27,smr_cross_test3_rep7,0.2454,0.25,0.0614,0.25,0.0985,0.54777
smr,eegnet_ms_se,cross,28,smr_cross_test3_rep8,0.5421,0.5393,0.5684,0.5393,0.5003,0.758466
smr,eegnet_ms_se,cross,29,smr_cross_test3_rep9,0.4286,0.43,0.5443,0.43,0.3893,0.761962
smr,eegnet_ms_se,cross,30,smr_cross_test4_rep0,0.3465,0.3484,0.3621,0.3484,0.2934,0.646441
smr,eegnet_ms_se,cross,31,smr_cross_test4_rep1,0.3202,0.321,0.4619,0.321,0.2451,0.65088
smr,eegnet_ms_se,cross,32,smr_cross_test4_rep2,0.3377,0.3404,0.3271,0.3404,0.2714,0.64384
smr,eegnet_ms_se,cross,33,smr_cross_test4_rep3,0.3596,0.3603,0.3976,0.3603,0.3503,0.625976
smr,eegnet_ms_se,cross,34,smr_cross_test4_rep4,0.2588,0.257,0.3793,0.257,0.1603,0.626147
smr,eegnet_ms_se,cross,35,smr_cross_test4_rep5,0.25,0.25,0.0625,0.25,0.1,0.48927
smr,eegnet_ms_se,cross,36,smr_cross_test4_rep6,0.3772,0.3736,0.4078,0.3736,0.354,0.625208
smr,eegnet_ms_se,cross,37,smr_cross_test4_rep7,0.3421,0.3413,0.3248,0.3413,0.3034,0.588177
smr,eegnet_ms_se,cross,38,smr_cross_test4_rep8,0.2763,0.2766,0.2729,0.2766,0.2645,0.58569
smr,eegnet_ms_se,cross,39,smr_cross_test4_rep9,0.3289,0.3295,0.4785,0.3295,0.2633,0.745138
smr,eegnet_ms_se,cross,40,smr_cross_test5_rep0,0.2246,0.2323,0.1353,0.2323,0.1562,0.493381
smr,eegnet_ms_se,cross,41,smr_cross_test5_rep1,0.279,0.2808,0.1523,0.2808,0.1819,0.556281
smr,eegnet_ms_se,cross,42,smr_cross_test5_rep2,0.2428,0.2396,0.0896,0.2396,0.1047,0.484707
smr,eegnet_ms_se,cross,43,smr_cross_test5_rep3,0.25,0.2473,0.1304,0.2473,0.1182,0.557876
smr,eegnet_ms_se,cross,44,smr_cross_test5_rep4,0.2319,0.2379,0.1167,0.2379,0.1563,0.508871
smr,eegnet_ms_se,cross,45,smr_cross_test5_rep5,0.2717,0.2731,0.1379,0.2731,0.1723,0.573294
smr,eegnet_ms_se,cross,46,smr_cross_test5_rep6,0.2355,0.2431,0.1196,0.2431,0.1569,0.49448
smr,eegnet_ms_se,cross,47,smr_cross_test5_rep7,0.2717,0.2783,0.2852,0.2783,0.2236,0.545099
smr,eegnet_ms_se,cross,48,smr_cross_test5_rep8,0.2464,0.247,0.1281,0.247,0.1536,0.563024
smr,eegnet_ms_se,cross,49,smr_cross_test5_rep9,0.2464,0.2599,0.1178,0.2599,0.1297,0.539124
smr,eegnet_ms_se,cross,50,smr_cross_test6_rep0,0.2186,0.2189,0.307,0.2189,0.2036,0.609999
smr,eegnet_ms_se,cross,51,smr_cross_test6_rep1,0.2512,0.2541,0.3049,0.2541,0.1655,0.583326
smr,eegnet_ms_se,cross,52,smr_cross_test6_rep2,0.2558,0.25,0.064,0.25,0.1019,0.602515
smr,eegnet_ms_se,cross,53,smr_cross_test6_rep3,0.2558,0.2593,0.2576,0.2593,0.1361,0.586082
smr,eegnet_ms_se,cross,54,smr_cross_test6_rep4,0.2651,0.267,0.2337,0.267,0.2102,0.640216
smr,eegnet_ms_se,cross,55,smr_cross_test6_rep5,0.2419,0.2407,0.357,0.2407,0.1549,0.577807
smr,eegnet_ms_se,cross,56,smr_cross_test6_rep6,0.2558,0.25,0.064,0.25,0.1019,0.55236
smr,eegnet_ms_se,cross,57,smr_cross_test6_rep7,0.2372,0.2394,0.3072,0.2394,0.1888,0.526149
smr,eegnet_ms_se,cross,58,smr_cross_test6_rep8,0.3209,0.3227,0.4241,0.3227,0.2964,0.629695
smr,eegnet_ms_se,cross,59,smr_cross_test6_rep9,0.3256,0.3258,0.5174,0.3258,0.3063,0.648387
smr,eegnet_ms_se,cross,60,smr_cross_test7_rep0,0.2924,0.2905,0.3941,0.2905,0.2511,0.573958
smr,eegnet_ms_se,cross,61,smr_cross_test7_rep1,0.296,0.293,0.2585,0.293,0.2583,0.550146
smr,eegnet_ms_se,cross,62,smr_cross_test7_rep2,0.3141,0.3161,0.3153,0.3161,0.303,0.582283
smr,eegnet_ms_se,cross,63,smr_cross_test7_rep3,0.343,0.3393,0.3544,0.3393,0.3117,0.584507
smr,eegnet_ms_se,cross,64,smr_cross_test7_rep4,0.2455,0.2454,0.3097,0.2454,0.1624,0.562381
smr,eegnet_ms_se,cross,65,smr_cross_test7_rep5,0.3321,0.3292,0.3732,0.3292,0.3026,0.66262
smr,eegnet_ms_se,cross,66,smr_cross_test7_rep6,0.2996,0.2966,0.4073,0.2966,0.2343,0.605652
smr,eegnet_ms_se,cross,67,smr_cross_test7_rep7,0.2671,0.2698,0.2501,0.2698,0.2518,0.563018
smr,eegnet_ms_se,cross,68,smr_cross_test7_rep8,0.2744,0.2735,0.3621,0.2735,0.2438,0.601125
smr,eegnet_ms_se,cross,69,smr_cross_test7_rep9,0.2563,0.2541,0.344,0.2541,0.2002,0.555884
smr,eegnet_ms_se,cross,70,smr_cross_test8_rep0,0.31,0.3096,0.3665,0.3096,0.2399,0.665609
smr,eegnet_ms_se,cross,71,smr_cross_test8_rep1,0.2435,0.25,0.0609,0.25,0.0979,0.511502
smr,eegnet_ms_se,cross,72,smr_cross_test8_rep2,0.2878,0.2871,0.2632,0.2871,0.2376,0.581154
smr,eegnet_ms_se,cross,73,smr_cross_test8_rep3,0.3026,0.3002,0.2892,0.3002,0.2288,0.658872
smr,eegnet_ms_se,cross,74,smr_cross_test8_rep4,0.5277,0.5301,0.5672,0.5301,0.5099,0.757323
smr,eegnet_ms_se,cross,75,smr_cross_test8_rep5,0.4244,0.4251,0.4685,0.4251,0.394,0.725504
smr,eegnet_ms_se,cross,76,smr_cross_test8_rep6,0.2509,0.25,0.0627,0.25,0.1003,0.534368
smr,eegnet_ms_se,cross,77,smr_cross_test8_rep7,0.3801,0.379,0.3982,0.379,0.341,0.675887
smr,eegnet_ms_se,cross,78,smr_cross_test8_rep8,0.6015,0.6023,0.6341,0.6023,0.595,0.834765
smr,eegnet_ms_se,cross,79,smr_cross_test8_rep9,0.3616,0.3619,0.4307,0.3619,0.3131,0.658204
smr,eegnet_ms_se,cross,80,smr_cross_test9_rep0,0.4508,0.4541,0.5283,0.4541,0.431,0.746056
smr,eegnet_ms_se,cross,81,smr_cross_test9_rep1,0.3333,0.3358,0.4751,0.3358,0.3066,0.728005
smr,eegnet_ms_se,cross,82,smr_cross_test9_rep2,0.4091,0.4134,0.4899,0.4134,0.3664,0.684442
smr,eegnet_ms_se,cross,83,smr_cross_test9_rep3,0.4318,0.4371,0.4879,0.4371,0.3934,0.751171
smr,eegnet_ms_se,cross,84,smr_cross_test9_rep4,0.4053,0.4106,0.5077,0.4106,0.3565,0.749605
smr,eegnet_ms_se,cross,85,smr_cross_test9_rep5,0.3712,0.3769,0.3779,0.3769,0.3056,0.73119
smr,eegnet_ms_se,cross,86,smr_cross_test9_rep6,0.2462,0.25,0.0616,0.25,0.0988,0.559053
smr,eegnet_ms_se,cross,87,smr_cross_test9_rep7,0.4811,0.4862,0.564,0.4862,0.4431,0.797038
smr,eegnet_ms_se,cross,88,smr_cross_test9_rep8,0.3182,0.3224,0.3783,0.3224,0.2344,0.693288
smr,eegnet_ms_se,cross,89,smr_cross_test9_rep9,0.2576,0.2613,0.4705,0.2613,0.1237,0.722827
smr,eegnet_ms_se,cross,89,smr_cross_test9_rep9,0.2576,0.2613,0.4705,0.2613,0.1237,0.722827
mrcp,eegnet_ms_se,within,0,within_sub1_fold0,0.5,0.5051,0.4545,0.5556,0.5,0.393939
mrcp,eegnet_ms_se,within,1,within_sub1_fold1,0.7,0.7,0.6429,0.9,0.75,0.82
mrcp,eegnet_ms_se,within,2,within_sub1_fold2,0.5,0.4949,0.4444,0.4444,0.4444,0.464646
mrcp,eegnet_ms_se,within,3,within_sub1_fold3,0.8,0.8333,1.0,0.6667,0.8,0.697917
mrcp,eegnet_ms_se,within,0,within_sub2_fold0,0.6667,0.6753,0.5556,0.7143,0.625,0.766234
mrcp,eegnet_ms_se,within,1,within_sub2_fold1,0.6667,0.6875,0.8333,0.5,0.625,0.725
mrcp,eegnet_ms_se,within,2,within_sub2_fold2,0.6471,0.6143,0.6,0.4286,0.5,0.842857
mrcp,eegnet_ms_se,within,3,within_sub2_fold3,0.8235,0.75,0.7857,1.0,0.88,0.80303
mrcp,eegnet_ms_se,within,0,within_sub3_fold0,0.45,0.5417,0.4211,1.0,0.5926,0.375
mrcp,eegnet_ms_se,within,1,within_sub3_fold1,0.7,0.697,0.7273,0.7273,0.7273,0.757576
mrcp,eegnet_ms_se,within,2,within_sub3_fold2,0.6,0.596,0.6364,0.6364,0.6364,0.525253
mrcp,eegnet_ms_se,within,3,within_sub3_fold3,0.7,0.7,0.6667,0.8,0.7273,0.59
mrcp,eegnet_ms_se,within,0,within_sub4_fold0,0.45,0.4495,0.4,0.4444,0.4211,0.454545
mrcp,eegnet_ms_se,within,1,within_sub4_fold1,0.65,0.6648,0.5,0.7143,0.5882,0.703297
mrcp,eegnet_ms_se,within,2,within_sub4_fold2,0.25,0.369,0.3333,0.0714,0.1176,0.583333
mrcp,eegnet_ms_se,within,3,within_sub4_fold3,0.55,0.55,0.5455,0.6,0.5714,0.62
mrcp,eegnet_ms_se,within,0,within_sub5_fold0,0.45,0.5208,0.6667,0.1667,0.2667,0.505208
mrcp,eegnet_ms_se,within,1,within_sub5_fold1,0.45,0.45,0.4667,0.7,0.56,0.42
mrcp,eegnet_ms_se,within,2,within_sub5_fold2,0.6,0.6,0.3333,0.6,0.4286,0.586667
mrcp,eegnet_ms_se,within,3,within_sub5_fold3,0.45,0.478,0.625,0.3846,0.4762,0.494505
mrcp,eegnet_ms_se,within,0,within_sub6_fold0,0.9474,0.9615,0.8571,1.0,0.9231,1.0
mrcp,eegnet_ms_se,within,1,within_sub6_fold1,1.0,1.0,1.0,1.0,1.0,1.0
mrcp,eegnet_ms_se,within,2,within_sub6_fold2,0.8333,0.875,1.0,0.75,0.8571,0.986111
mrcp,eegnet_ms_se,within,3,within_sub6_fold3,0.9444,0.9444,1.0,0.8889,0.9412,0.987654
mrcp,eegnet_ms_se,within,0,within_sub7_fold0,0.5,0.5253,0.4667,0.7778,0.5833,0.464646
mrcp,eegnet_ms_se,within,1,within_sub7_fold1,0.5,0.5417,0.6667,0.3333,0.4444,0.479167
mrcp,eegnet_ms_se,within,2,within_sub7_fold2,0.45,0.45,0.4667,0.7,0.56,0.53
mrcp,eegnet_ms_se,within,3,within_sub7_fold3,0.6,0.596,0.5556,0.5556,0.5556,0.616162
mrcp,eegnet_ms_se,within,0,within_sub8_fold0,0.45,0.4596,0.5,0.3636,0.4211,0.535354
mrcp,eegnet_ms_se,within,1,within_sub8_fold1,0.55,0.55,0.5385,0.7,0.6087,0.61
mrcp,eegnet_ms_se,within,2,within_sub8_fold2,0.65,0.6717,0.8333,0.4545,0.5882,0.676768
mrcp,eegnet_ms_se,within,3,within_sub8_fold3,0.7,0.7292,0.5833,0.875,0.7,0.75
mrcp,eegnet_ms_se,within,0,within_sub9_fold0,0.5,0.5,0.6,0.5,0.5455,0.46875
mrcp,eegnet_ms_se,within,1,within_sub9_fold1,0.55,0.55,0.5385,0.7,0.6087,0.54
mrcp,eegnet_ms_se,within,2,within_sub9_fold2,0.5,0.5,0.5,0.6,0.5455,0.48
mrcp,eegnet_ms_se,within,3,within_sub9_fold3,0.5,0.4792,0.375,0.375,0.375,0.489583
mrcp,eegnet_ms_se,within,0,within_sub10_fold0,0.5,0.5495,0.7143,0.3846,0.5,0.692308
mrcp,eegnet_ms_se,within,1,within_sub10_fold1,0.6,0.5625,0.6429,0.75,0.6923,0.520833
mrcp,eegnet_ms_se,within,2,within_sub10_fold2,0.3,0.4,0.2,0.6,0.3,0.24
mrcp,eegnet_ms_se,within,3,within_sub10_fold3,0.45,0.45,0.4444,0.4,0.4211,0.4
mrcp,eegnet_ms_se,within,0,within_sub11_fold0,0.55,0.5606,0.5,0.6667,0.5714,0.666667
mrcp,eegnet_ms_se,within,1,within_sub11_fold1,0.85,0.875,1.0,0.75,0.8571,0.927083
mrcp,eegnet_ms_se,within,2,within_sub11_fold2,0.9,0.899,0.9091,0.9091,0.9091,0.949495
mrcp,eegnet_ms_se,within,3,within_sub11_fold3,0.6,0.5833,0.5,0.5,0.5,0.458333
mrcp,eegnet_ms_se,within,0,within_sub12_fold0,0.5,0.5824,0.8,0.3077,0.4444,0.703297
mrcp,eegnet_ms_se,within,1,within_sub12_fold1,0.45,0.45,0.4545,0.5,0.4762,0.41
mrcp,eegnet_ms_se,within,2,within_sub12_fold2,0.7,0.6768,0.8,0.4444,0.5714,0.717172
mrcp,eegnet_ms_se,within,3,within_sub12_fold3,0.35,0.3542,0.2727,0.375,0.3158,0.34375
mrcp,eegnet_ms_se,within,0,within_sub13_fold0,0.5,0.5165,0.3636,0.5714,0.4444,0.340659
mrcp,eegnet_ms_se,within,1,within_sub13_fold1,0.5,0.5152,0.5714,0.3636,0.4444,0.434343
mrcp,eegnet_ms_se,within,2,within_sub13_fold2,0.7,0.6667,0.7143,0.8333,0.7692,0.583333
mrcp,eegnet_ms_se,within,3,within_sub13_fold3,0.65,0.65,0.6,0.9,0.72,0.59
mrcp,eegnet_ms_se,within,0,within_sub14_fold0,0.4,0.3542,0.5,0.5833,0.5385,0.416667
mrcp,eegnet_ms_se,within,1,within_sub14_fold1,0.65,0.5595,0.7333,0.7857,0.7586,0.761905
mrcp,eegnet_ms_se,within,2,within_sub14_fold2,0.55,0.4881,0.2857,0.3333,0.3077,0.511905
mrcp,eegnet_ms_se,within,3,within_sub14_fold3,0.5,0.5417,0.4286,0.75,0.5455,0.489583
mrcp,eegnet_ms_se,within,3,within_sub14_fold3,0.5,0.5417,0.4286,0.75,0.5455,0.489583
mrcp,eegnet_ms_se,cross,0,cross_fold0_test10,0.6125,0.6125,0.6,0.675,0.6353,0.6456249999999999
mrcp,eegnet_ms_se,cross,1,cross_fold1_test10,0.525,0.525,0.5208,0.625,0.5682,0.5025
mrcp,eegnet_ms_se,cross,2,cross_fold2_test2,0.6857,0.6857,0.7097,0.6286,0.6667,0.7179591836734694
mrcp,eegnet_ms_se,cross,3,cross_fold3_test3,0.525,0.525,0.5238,0.55,0.5366,0.5399999999999999
mrcp,eegnet_ms_se,cross,4,cross_fold4_test11,0.5625,0.5625,0.5439,0.775,0.6392,0.630625
mrcp,eegnet_ms_se,cross,5,cross_fold5_test3,0.55,0.55,0.5588,0.475,0.5135,0.52375
mrcp,eegnet_ms_se,cross,6,cross_fold6_test3,0.625,0.625,0.6087,0.7,0.6512,0.6212500000000001
mrcp,eegnet_ms_se,cross,7,cross_fold7_test2,0.7,0.7,0.7333,0.6286,0.6769,0.8085714285714286
mrcp,eegnet_ms_se,cross,8,cross_fold8_test7,0.6,0.6,0.625,0.5,0.5556,0.64
mrcp,eegnet_ms_se,cross,9,cross_fold9_test14,0.6,0.6,0.625,0.5,0.5556,0.60125
mrcp,eegnet_ms_se,cross,10,cross_fold10_test7,0.625,0.625,0.619,0.65,0.6341,0.6887500000000001
mrcp,eegnet_ms_se,cross,11,cross_fold11_test2,0.7714,0.7714,0.913,0.6,0.7241,0.8330612244897959
mrcp,eegnet_ms_se,cross,12,cross_fold12_test8,0.75,0.75,0.7,0.875,0.7778,0.7862499999999999
mrcp,eegnet_ms_se,cross,13,cross_fold13_test2,0.6429,0.6429,0.6471,0.6286,0.6377,0.6722448979591836
mrcp,eegnet_ms_se,cross,14,cross_fold14_test12,0.6,0.6,0.5909,0.65,0.619,0.62375
mrcp,eegnet_ms_se,cross,15,cross_fold15_test3,0.65,0.65,0.7,0.525,0.6,0.68625
mrcp,eegnet_ms_se,cross,16,cross_fold16_test7,0.6125,0.6125,0.6286,0.55,0.5867,0.665
mrcp,eegnet_ms_se,cross,17,cross_fold17_test12,0.5875,0.5875,0.5897,0.575,0.5823,0.5812499999999999
mrcp,eegnet_ms_se,cross,18,cross_fold18_test14,0.55,0.55,0.5625,0.45,0.5,0.574375
mrcp,eegnet_ms_se,cross,19,cross_fold19_test1,0.6125,0.6125,0.6,0.675,0.6353,0.588125
mrcp,eegnet_ms_se,cross,20,cross_fold20_test11,0.7375,0.7375,0.7879,0.65,0.7123,0.791875
mrcp,eegnet_ms_se,cross,21,cross_fold21_test11,0.6625,0.6625,0.7407,0.5,0.597,0.780625
mrcp,eegnet_ms_se,cross,22,cross_fold22_test1,0.6375,0.6375,0.6341,0.65,0.642,0.673125
mrcp,eegnet_ms_se,cross,23,cross_fold23_test5,0.55,0.55,0.6,0.3,0.4,0.610625
mrcp,eegnet_ms_se,cross,24,cross_fold24_test8,0.6625,0.6625,0.6102,0.9,0.7273,0.72125
mrcp,eegnet_ms_se,cross,25,cross_fold25_test6,0.6622,0.6622,0.6667,0.6486,0.6575,0.7070854638422206
mrcp,eegnet_ms_se,cross,26,cross_fold26_test7,0.6,0.6,0.6538,0.425,0.5152,0.59875
mrcp,eegnet_ms_se,cross,27,cross_fold27_test9,0.6,0.6,0.5833,0.7,0.6364,0.608125
mrcp,eegnet_ms_se,cross,28,cross_fold28_test12,0.475,0.475,0.4762,0.5,0.4878,0.516875
mrcp,eegnet_ms_se,cross,29,cross_fold29_test6,0.6757,0.6757,0.6512,0.7568,0.7,0.7516435354273192
mrcp,eegnet_ms_se,cross,29,cross_fold29_test6,0.6757,0.6757,0.6512,0.7568,0.7,0.7516435354273192
