dataset,model,protocol,fold_id,protocol_tag,train_subjects,val_subjects,test_subjects,n_train,n_val,n_test,best_epoch,best_val_loss,main_metric,main_value,accuracy,balanced_accuracy,precision,recall,f1,kappa,auc
p300,eegnet_ms_se,within,0,within_sub1_fold0,[1],[1],[1],900,450,450,29,0.6369233091672262,auc,0.7901866666666667,0.7066666666666667,0.728,0.3333333333333333,0.76,0.46341463414634143,0.3015873015873016,0.7901866666666667
p300,eegnet_ms_se,within,1,within_sub1_fold1,[1],[1],[1],900,450,450,37,0.5985227882862091,auc,0.6551466666666667,0.5733333333333334,0.6213333333333333,0.23529411764705882,0.6933333333333334,0.3513513513513513,0.13643178410794599,0.6551466666666667
p300,eegnet_ms_se,within,2,within_sub1_fold2,[1],[1],[1],900,450,450,24,0.6309595227241516,auc,0.7594286518435125,0.7,0.7094356881508584,0.3254437869822485,0.7236842105263158,0.4489795918367347,0.2815922045363165,0.7594286518435125
p300,eegnet_ms_se,within,3,within_sub1_fold3,[1],[1],[1],900,450,450,36,0.5612817724545797,auc,0.7402242668200114,0.7,0.706512363427257,0.31736526946107785,0.7162162162162162,0.4398340248962656,0.2744882604437864,0.7402242668200114
p300,eegnet_ms_se,within,0,within_sub2_fold0,[2],[2],[2],900,450,450,35,0.6428520361582438,auc,0.6359466666666668,0.6755555555555556,0.6080000000000001,0.2585034013605442,0.5066666666666667,0.3423423423423424,0.1560693641618497,0.6359466666666668
p300,eegnet_ms_se,within,1,within_sub2_fold1,[2],[2],[2],900,450,450,47,0.6755157083272934,auc,0.6156444444444443,0.6155555555555555,0.5826666666666667,0.2247191011235955,0.5333333333333333,0.31620553359683795,0.10671256454388989,0.6156444444444443
p300,eegnet_ms_se,within,2,within_sub2_fold2,[2],[2],[2],900,450,450,30,0.6395939459403356,auc,0.6407965099915564,0.6622222222222223,0.613319729805798,0.25949367088607594,0.5394736842105263,0.3504273504273504,0.1585059790364648,0.6407965099915564
p300,eegnet_ms_se,within,3,within_sub2_fold3,[2],[2],[2],900,450,450,34,0.6737630804379781,auc,0.6575258769407706,0.6577777777777778,0.6215497412305923,0.25609756097560976,0.5675675675675675,0.3529411764705882,0.1633264113584777,0.6575258769407706
p300,eegnet_ms_se,within,0,within_sub3_fold0,[3],[3],[3],900,450,450,65,0.5451274414857229,auc,0.7234731213059387,0.7333333333333333,0.6823107233323952,0.3382352941176471,0.6052631578947368,0.4339622641509434,0.27737929557863183,0.7234731213059387
p300,eegnet_ms_se,within,1,within_sub3_fold1,[3],[3],[3],900,450,450,71,0.5662082175413767,auc,0.7808726279470961,0.7311111111111112,0.7142754456584244,0.3422818791946309,0.6891891891891891,0.4573991031390135,0.3045799381848835,0.7808726279470961
p300,eegnet_ms_se,within,2,within_sub3_fold2,[3],[3],[3],900,450,450,94,0.639682533343633,auc,0.7206368602645198,0.7066666666666667,0.688793847038528,0.3141025641025641,0.6621621621621622,0.4260869565217391,0.26130428294284436,0.7206368602645198
p300,eegnet_ms_se,within,3,within_sub3_fold3,[3],[3],[3],900,450,450,111,0.6424447278181712,auc,0.7927455671263721,0.7488888888888889,0.7283633549113425,0.3706293706293706,0.6973684210526315,0.48401826484018257,0.33801130002343327,0.7927455671263721
p300,eegnet_ms_se,within,0,within_sub4_fold0,[4],[4],[4],900,450,450,26,0.5919590691725413,auc,0.6986666666666667,0.6933333333333334,0.6666666666666667,0.29936305732484075,0.6266666666666667,0.4051724137931035,0.23191094619666053,0.6986666666666667
p300,eegnet_ms_se,within,1,within_sub4_fold1,[4],[4],[4],900,450,450,32,0.5893653978904089,auc,0.6934755555555555,0.6533333333333333,0.6373333333333333,0.2658959537572254,0.6133333333333333,0.3709677419354838,0.180385288966725,0.6934755555555555
p300,eegnet_ms_se,within,2,within_sub4_fold2,[4],[4],[4],900,450,450,22,0.657296617825826,auc,0.7098548016101208,0.72,0.664210753306498,0.3115942028985507,0.581081081081081,0.4056603773584906,0.24375800256081948,0.7098548016101208
p300,eegnet_ms_se,within,3,within_sub4_fold3,[4],[4],[4],900,450,450,11,0.6695412278175354,auc,0.6555375738812271,0.5955555555555555,0.6256332676611314,0.24519230769230768,0.6710526315789473,0.35915492957746475,0.14850702819595774,0.6555375738812271
p300,eegnet_ms_se,within,0,within_sub5_fold0,[5],[5],[5],900,450,450,31,0.6134646852811177,auc,0.7090844444444444,0.7,0.6226666666666667,0.27941176470588236,0.5066666666666667,0.36018957345971564,0.1851106639839034,0.7090844444444444
p300,eegnet_ms_se,within,1,within_sub5_fold1,[5],[5],[5],900,450,450,60,0.573550820350647,auc,0.7656533333333333,0.7244444444444444,0.7013333333333334,0.33557046979865773,0.6666666666666666,0.4464285714285714,0.2887189292543021,0.7656533333333333
p300,eegnet_ms_se,within,2,within_sub5_fold2,[5],[5],[5],900,450,450,21,0.6579020977020263,auc,0.7217777777777777,0.6355555555555555,0.6479999999999999,0.26455026455026454,0.6666666666666666,0.3787878787878788,0.1840796019900498,0.7217777777777777
p300,eegnet_ms_se,within,3,within_sub5_fold3,[5],[5],[5],900,450,450,28,0.6517467379570008,auc,0.6540444444444445,0.6155555555555555,0.62,0.24479166666666666,0.6266666666666667,0.35205992509363293,0.14778325123152714,0.6540444444444445
p300,eegnet_ms_se,within,0,within_sub6_fold0,[6],[6],[6],900,450,450,42,0.49246197640895845,auc,0.8331733333333333,0.7466666666666667,0.736,0.3673469387755102,0.72,0.4864864864864865,0.34104046242774566,0.8331733333333333
p300,eegnet_ms_se,within,1,within_sub6_fold1,[6],[6],[6],900,450,450,55,0.5105077852805455,auc,0.8028088888888889,0.7888888888888889,0.7186666666666666,0.4107142857142857,0.6133333333333333,0.4919786096256684,0.3652561247216035,0.8028088888888889
p300,eegnet_ms_se,within,2,within_sub6_fold2,[6],[6],[6],900,450,450,39,0.5708034336566925,auc,0.8313600000000001,0.7355555555555555,0.7506666666666666,0.3625,0.7733333333333333,0.49361702127659574,0.344954128440367,0.8313600000000001
p300,eegnet_ms_se,within,3,within_sub6_fold3,[6],[6],[6],900,450,450,65,0.5449364185333252,auc,0.7878044444444445,0.7533333333333333,0.7026666666666667,0.36153846153846153,0.6266666666666667,0.4585365853658536,0.3134020618556701,0.7878044444444445
p300,eegnet_ms_se,within,0,within_sub7_fold0,[7],[7],[7],900,450,450,36,0.4203538139661153,auc,0.8766532489936745,0.8266666666666667,0.7985911443358252,0.4827586206896552,0.7567567567567568,0.5894736842105263,0.48633144061347544,0.8766532489936745
p300,eegnet_ms_se,within,1,within_sub7_fold1,[7],[7],[7],900,450,450,61,0.4575470914443334,auc,0.875070363073459,0.8066666666666666,0.77884886011821,0.45528455284552843,0.7368421052631579,0.5628140703517588,0.4474553306799899,0.875070363073459
p300,eegnet_ms_se,within,2,within_sub7_fold2,[7],[7],[7],900,450,450,79,0.4075069099664688,auc,0.8844990149169716,0.82,0.7763861525471433,0.4778761061946903,0.7105263157894737,0.5714285714285714,0.4629755134513952,0.8844990149169716
p300,eegnet_ms_se,within,3,within_sub7_fold3,[7],[7],[7],900,450,450,50,0.41773064285516737,auc,0.8886932144910868,0.8066666666666666,0.808330937320299,0.45112781954887216,0.8108108108108109,0.5797101449275363,0.46710042740859725,0.8886932144910868
p300,eegnet_ms_se,within,0,within_sub8_fold0,[8],[8],[8],900,450,450,78,0.586527826388677,auc,0.7776526878694062,0.76,0.729805797917253,0.38235294117647056,0.6842105263157895,0.49056603773584906,0.3496413660207687,0.7776526878694062
p300,eegnet_ms_se,within,1,within_sub8_fold1,[8],[8],[8],900,450,450,28,0.6892359515031179,auc,0.675747556066705,0.6622222222222223,0.6567711328349626,0.27586206896551724,0.6486486486486487,0.3870967741935484,0.20324294101202112,0.675747556066705
p300,eegnet_ms_se,within,2,within_sub8_fold2,[8],[8],[8],900,450,450,56,0.6112863719463348,auc,0.6481095457159287,0.6977777777777778,0.6237780333525014,0.2753623188405797,0.5135135135135135,0.3584905660377359,0.1837387964148528,0.6481095457159287
p300,eegnet_ms_se,within,3,within_sub8_fold3,[8],[8],[8],900,450,450,140,0.5788490156332652,auc,0.7036659161272164,0.76,0.6669012102448635,0.35714285714285715,0.5263157894736842,0.425531914893617,0.2808097549425832,0.7036659161272164
p300,eegnet_ms_se,within,0,within_sub9_fold0,[9],[9],[9],900,450,450,31,0.6181533177693684,auc,0.7337244444444445,0.7,0.6386666666666667,0.2887323943661972,0.5466666666666666,0.3778801843317972,0.20432220039292726,0.7337244444444445
p300,eegnet_ms_se,within,1,within_sub9_fold1,[9],[9],[9],900,450,450,36,0.6120260337988536,auc,0.69952,0.7022222222222222,0.624,0.2814814814814815,0.5066666666666667,0.36190476190476195,0.18787878787878787,0.69952
p300,eegnet_ms_se,within,2,within_sub9_fold2,[9],[9],[9],900,450,450,20,0.626572326819102,auc,0.6930707303047728,0.6977777777777778,0.667193789534215,0.2987012987012987,0.6216216216216216,0.4035087719298246,0.23315958299919803,0.6930707303047728
p300,eegnet_ms_se,within,3,within_sub9_fold3,[9],[9],[9],900,450,450,50,0.6062322378158569,auc,0.8006965944272446,0.74,0.7230157613284548,0.36054421768707484,0.6973684210526315,0.47533632286995514,0.32505191908314746,0.8006965944272446
p300,eegnet_ms_se,within,0,within_sub10_fold0,[10],[10],[10],900,450,450,15,0.5769082804520925,auc,0.8107748706152962,0.7577777777777778,0.7465138010350776,0.3776223776223776,0.7297297297297297,0.49769585253456217,0.35870616844912795,0.8107748706152962
p300,eegnet_ms_se,within,1,within_sub10_fold1,[10],[10],[10],900,450,450,38,0.41726974919438364,auc,0.8206797072896145,0.7733333333333333,0.7430692372642838,0.4015151515151515,0.6973684210526315,0.5096153846153846,0.3758159268929504,0.8206797072896145
p300,eegnet_ms_se,within,2,within_sub10_fold2,[10],[10],[10],900,450,450,40,0.5816418925921122,auc,0.8248311286236983,0.7555555555555555,0.7481001970166057,0.3835616438356164,0.7368421052631579,0.5045045045045046,0.3629999485252483,0.8248311286236983
p300,eegnet_ms_se,within,3,within_sub10_fold3,[10],[10],[10],900,450,450,27,0.4883958558241526,auc,0.8147282921219092,0.7288888888888889,0.745507475560667,0.35185185185185186,0.7702702702702703,0.4830508474576271,0.3323117338003504,0.8147282921219092
p300,eegnet_ms_se,within,0,within_sub11_fold0,[11],[11],[11],900,450,450,84,0.5705263535181682,auc,0.6949333333333334,0.7466666666666667,0.64,0.32432432432432434,0.48,0.3870967741935484,0.2348993288590604,0.6949333333333334
p300,eegnet_ms_se,within,1,within_sub11_fold1,[11],[11],[11],900,450,450,34,0.5712451686461767,auc,0.7280711111111112,0.6777777777777778,0.6679999999999999,0.2916666666666667,0.6533333333333333,0.40329218106995884,0.22459893048128343,0.7280711111111112
p300,eegnet_ms_se,within,2,within_sub11_fold2,[11],[11],[11],900,450,450,17,0.6060595015684763,auc,0.7449244444444445,0.7,0.6866666666666666,0.3125,0.6666666666666666,0.425531914893617,0.25688073394495425,0.7449244444444445
p300,eegnet_ms_se,within,3,within_sub11_fold3,[11],[11],[11],900,450,450,43,0.6269899815320968,auc,0.6814933333333334,0.6755555555555556,0.6133333333333333,0.26174496644295303,0.52,0.34821428571428575,0.16252390057361377,0.6814933333333334
p300,eegnet_ms_se,within,0,within_sub12_fold0,[12],[12],[12],900,450,450,71,0.6393207391103108,auc,0.7197086968758796,0.7,0.6937095412327611,0.31901840490797545,0.6842105263157895,0.4351464435146443,0.2660738879358252,0.7197086968758796
p300,eegnet_ms_se,within,1,within_sub12_fold1,[12],[12],[12],900,450,450,54,0.5959655980269114,auc,0.7682216791259344,0.7755555555555556,0.7245902817711328,0.3902439024390244,0.6486486486486487,0.4873096446700508,0.35482497231922316,0.7682216791259344
p300,eegnet_ms_se,within,2,within_sub12_fold2,[12],[12],[12],900,450,450,30,0.6333167016506195,auc,0.7162609062763861,0.6955555555555556,0.6648254995778216,0.3032258064516129,0.618421052631579,0.4069264069264069,0.23311357133971888,0.7162609062763861
p300,eegnet_ms_se,within,3,within_sub12_fold3,[12],[12],[12],900,450,450,65,0.4917119204998016,auc,0.7517970097757332,0.7244444444444444,0.6777242668200115,0.32142857142857145,0.6081081081081081,0.42056074766355145,0.26170944694363585,0.7517970097757332
p300,eegnet_ms_se,within,0,within_sub13_fold0,[13],[13],[13],900,450,450,26,0.5936502774556478,auc,0.768711111111111,0.7377777777777778,0.7146666666666667,0.35172413793103446,0.68,0.4636363636363636,0.3126213592233009,0.768711111111111
p300,eegnet_ms_se,within,1,within_sub13_fold1,[13],[13],[13],900,450,450,74,0.4912116428216298,auc,0.8221866666666666,0.74,0.732,0.36,0.72,0.4799999999999999,0.3314285714285714,0.8221866666666666
p300,eegnet_ms_se,within,2,within_sub13_fold2,[13],[13],[13],900,450,450,43,0.5717403332392375,auc,0.7867998874190825,0.7266666666666667,0.7097523219814241,0.3443708609271523,0.6842105263157895,0.4581497797356829,0.30111871511906874,0.7867998874190825
p300,eegnet_ms_se,within,3,within_sub13_fold3,[13],[13],[13],900,450,450,24,0.5543497006098429,auc,0.7500718803910293,0.74,0.7087406555491662,0.3475177304964539,0.6621621621621622,0.45581395348837206,0.3061595635328537,0.7500718803910293
p300,eegnet_ms_se,within,0,within_sub14_fold0,[14],[14],[14],900,450,450,21,0.672321089108785,auc,0.57504,0.7,0.548,0.2222222222222222,0.32,0.26229508196721313,0.08163265306122447,0.57504
p300,eegnet_ms_se,within,1,within_sub14_fold1,[14],[14],[14],900,450,450,21,0.694521431128184,auc,0.6290133333333333,0.6311111111111111,0.6026666666666667,0.24,0.56,0.336,0.13391304347826094,0.6290133333333333
p300,eegnet_ms_se,within,2,within_sub14_fold2,[14],[14],[14],900,450,450,62,0.6605429768562316,auc,0.5927111111111112,0.6155555555555555,0.5720000000000001,0.21839080459770116,0.5066666666666667,0.30522088353413657,0.09424083769633507,0.5927111111111112
p300,eegnet_ms_se,within,3,within_sub14_fold3,[14],[14],[14],900,450,450,2,0.7065718015034993,auc,0.5862755555555555,0.5533333333333333,0.5506666666666666,0.1971153846153846,0.5466666666666666,0.28975265017667845,0.05928237129485192,0.5862755555555555
p300,eegnet_ms_se,within,0,within_sub15_fold0,[15],[15],[15],900,450,450,140,0.5725352935492992,auc,0.7778133333333334,0.76,0.6693333333333333,0.35398230088495575,0.5333333333333333,0.425531914893617,0.28159645232815966,0.7778133333333334
p300,eegnet_ms_se,within,1,within_sub15_fold1,[15],[15],[15],900,450,450,45,0.5371387382348378,auc,0.7723377777777778,0.7466666666666667,0.7146666666666667,0.3597122302158273,0.6666666666666666,0.4672897196261683,0.32007952286282304,0.7723377777777778
p300,eegnet_ms_se,within,2,within_sub15_fold2,[15],[15],[15],900,450,450,106,0.49062417149543763,auc,0.7873422222222223,0.7644444444444445,0.6933333333333334,0.3697478991596639,0.5866666666666667,0.4536082474226804,0.3131749460043197,0.7873422222222223
p300,eegnet_ms_se,within,3,within_sub15_fold3,[15],[15],[15],900,450,450,60,0.5592525760332744,auc,0.85024,0.7733333333333333,0.7626666666666666,0.4028776978417266,0.7466666666666667,0.5233644859813084,0.39165009940357853,0.85024
p300,eegnet_ms_se,within,0,within_sub16_fold0,[16],[16],[16],900,450,450,60,0.5400911768277487,auc,0.8231072333239516,0.78,0.7523219814241486,0.4122137404580153,0.7105263157894737,0.5217391304347826,0.39170922198858515,0.8231072333239516
p300,eegnet_ms_se,within,1,within_sub16_fold1,[16],[16],[16],900,450,450,66,0.42758881747722627,auc,0.8567783208740656,0.82,0.7674669350201264,0.46788990825688076,0.6891891891891891,0.5573770491803279,0.44954544081669634,0.8567783208740656
p300,eegnet_ms_se,within,2,within_sub16_fold2,[16],[16],[16],900,450,450,64,0.5063510676225026,auc,0.8620180129468055,0.7622222222222222,0.7678370391218688,0.3959731543624161,0.7763157894736842,0.5244444444444444,0.38742016742576524,0.8620180129468055
p300,eegnet_ms_se,within,3,within_sub16_fold3,[16],[16],[16],900,450,450,32,0.5680419941743214,auc,0.7779255319148936,0.7244444444444444,0.7048591144335825,0.3333333333333333,0.6756756756756757,0.4464285714285714,0.2900763358778625,0.7779255319148936
p300,eegnet_ms_se,within,0,within_sub17_fold0,[17],[17],[17],900,450,450,32,0.590062928199768,auc,0.6608355555555556,0.7022222222222222,0.624,0.2814814814814815,0.5066666666666667,0.36190476190476195,0.18787878787878787,0.6608355555555556
p300,eegnet_ms_se,within,1,within_sub17_fold1,[17],[17],[17],900,450,450,41,0.5803208847840627,auc,0.7112177777777778,0.6822222222222222,0.6706666666666666,0.29518072289156627,0.6533333333333333,0.4066390041493776,0.22980251346499114,0.7112177777777778
p300,eegnet_ms_se,within,2,within_sub17_fold2,[17],[17],[17],900,450,450,46,0.5913915634155273,auc,0.7424711511398817,0.7,0.6674992963692654,0.30718954248366015,0.618421052631579,0.4104803493449782,0.2386645612452064,0.7424711511398817
p300,eegnet_ms_se,within,3,within_sub17_fold3,[17],[17],[17],900,450,450,67,0.5968753735224406,auc,0.7579787234042553,0.7044444444444444,0.6711831512363426,0.304635761589404,0.6216216216216216,0.40888888888888886,0.24146409469975416,0.7579787234042553
p300,eegnet_ms_se,within,0,within_sub18_fold0,[18],[18],[18],900,450,450,38,0.5977417230606079,auc,0.7553066666666667,0.7088888888888889,0.7026666666666667,0.325,0.6933333333333334,0.4425531914893618,0.27889908256880747,0.7553066666666667
p300,eegnet_ms_se,within,1,within_sub18_fold1,[18],[18],[18],900,450,450,79,0.5386608640352885,auc,0.7929955555555556,0.7355555555555555,0.7133333333333334,0.3493150684931507,0.68,0.4615384615384616,0.30947775628626695,0.7929955555555556
p300,eegnet_ms_se,within,2,within_sub18_fold2,[18],[18],[18],900,450,450,36,0.5967500030994415,auc,0.7800100632547441,0.72,0.6967725704427832,0.32666666666666666,0.6621621621621622,0.4375,0.27862595419847325,0.7800100632547441
p300,eegnet_ms_se,within,3,within_sub18_fold3,[18],[18],[18],900,450,450,81,0.539540891846021,auc,0.7358570222347312,0.6844444444444444,0.6476569096538136,0.28846153846153844,0.5921052631578947,0.38793103448275856,0.2080606781677573,0.7358570222347312
p300,eegnet_ms_se,within,0,within_sub19_fold0,[19],[19],[19],900,450,450,22,0.6499096473058065,auc,0.7165511111111111,0.6777777777777778,0.636,0.27564102564102566,0.5733333333333334,0.37229437229437234,0.1899441340782123,0.7165511111111111
p300,eegnet_ms_se,within,1,within_sub19_fold1,[19],[19],[19],900,450,450,48,0.507460908095042,auc,0.7436444444444446,0.7177777777777777,0.6759999999999999,0.3194444444444444,0.6133333333333333,0.4200913242009132,0.2573099415204678,0.7436444444444446
p300,eegnet_ms_se,within,2,within_sub19_fold2,[19],[19],[19],900,450,450,59,0.5771884361902873,auc,0.7375646923519263,0.7155555555555555,0.6615511788384129,0.30714285714285716,0.581081081081081,0.40186915887850466,0.23789362265149505,0.7375646923519263
p300,eegnet_ms_se,within,3,within_sub19_fold3,[19],[19],[19],900,450,450,69,0.6206859727700551,auc,0.8143822122150296,0.7622222222222222,0.736384745285674,0.38686131386861317,0.6973684210526315,0.49765258215962443,0.35822248287260416,0.8143822122150296
p300,eegnet_ms_se,within,0,within_sub20_fold0,[20],[20],[20],900,450,450,60,0.48838300704956056,auc,0.8681044188010131,0.8266666666666667,0.7961229946524064,0.49137931034482757,0.75,0.5937499999999999,0.4895881805490927,0.8681044188010131
p300,eegnet_ms_se,within,1,within_sub20_fold1,[20],[20],[20],900,450,450,174,0.34986793796221416,auc,0.9002300172512938,0.8777777777777778,0.8128953421506613,0.6091954022988506,0.7162162162162162,0.6583850931677019,0.584550307180985,0.9002300172512938
p300,eegnet_ms_se,within,2,within_sub20_fold2,[20],[20],[20],900,450,450,114,0.4828301390012105,auc,0.9099338700402531,0.8755555555555555,0.8441273720529039,0.59,0.7972972972972973,0.6781609195402298,0.6031496062992125,0.9099338700402531
p300,eegnet_ms_se,within,3,within_sub20_fold3,[20],[20],[20],900,450,450,91,0.3608713353673617,auc,0.8696524064171123,0.8266666666666667,0.7751547987616099,0.49074074074074076,0.6973684210526315,0.576086956521739,0.4712581344902387,0.8696524064171123
p300,eegnet_ms_se,within,0,within_sub21_fold0,[21],[21],[21],900,450,450,59,0.5885927001635234,auc,0.7517866666666667,0.7088888888888889,0.6653333333333333,0.3082191780821918,0.6,0.4072398190045249,0.2398452611218569,0.7517866666666667
p300,eegnet_ms_se,within,1,within_sub21_fold1,[21],[21],[21],900,450,450,68,0.5204114596048991,auc,0.7524266666666667,0.7644444444444445,0.6933333333333334,0.3697478991596639,0.5866666666666667,0.4536082474226804,0.3131749460043197,0.7524266666666667
p300,eegnet_ms_se,within,2,within_sub21_fold2,[21],[21],[21],900,450,450,94,0.5476577043533325,auc,0.8573866666666666,0.7755555555555556,0.7693333333333333,0.40714285714285714,0.76,0.5302325581395348,0.4,0.8573866666666666
p300,eegnet_ms_se,within,3,within_sub21_fold3,[21],[21],[21],900,450,450,67,0.609786589940389,auc,0.736391111111111,0.6977777777777778,0.6693333333333333,0.3032258064516129,0.6266666666666667,0.40869565217391307,0.23738317757009342,0.736391111111111
p300,eegnet_ms_se,within,0,within_sub22_fold0,[22],[22],[22],900,450,450,60,0.5753786702950795,auc,0.8529422222222223,0.8088888888888889,0.784,0.45528455284552843,0.7466666666666667,0.5656565656565656,0.45222929936305734,0.8529422222222223
p300,eegnet_ms_se,within,1,within_sub22_fold1,[22],[22],[22],900,450,450,58,0.652988870938619,auc,0.7243733333333332,0.7088888888888889,0.6439999999999999,0.2971014492753623,0.5466666666666666,0.38497652582159625,0.21556886227544914,0.7243733333333332
p300,eegnet_ms_se,within,2,within_sub22_fold2,[22],[22],[22],900,450,450,74,0.4706008225679398,auc,0.8313244444444446,0.7933333333333333,0.7693333333333333,0.4296875,0.7333333333333333,0.5418719211822659,0.41995841995842,0.8313244444444446
p300,eegnet_ms_se,within,3,within_sub22_fold3,[22],[22],[22],900,450,450,128,0.5021105741461118,auc,0.8219022222222222,0.8044444444444444,0.76,0.4444444444444444,0.6933333333333334,0.5416666666666666,0.4248366013071896,0.8219022222222222
p300,eegnet_ms_se,within,0,within_sub23_fold0,[23],[23],[23],900,450,450,104,0.4367776175340017,auc,0.8750718803910293,0.8311111111111111,0.8012507188039103,0.49122807017543857,0.7567567567567568,0.5957446808510638,0.49503897944720054,0.8750718803910293
p300,eegnet_ms_se,within,1,within_sub23_fold1,[23],[23],[23],900,450,450,84,0.37018693548937637,auc,0.8858359133126935,0.8488888888888889,0.7727976358007318,0.5434782608695652,0.6578947368421053,0.5952380952380952,0.5033757465593353,0.8858359133126935
p300,eegnet_ms_se,within,2,within_sub23_fold2,[23],[23],[23],900,450,450,23,0.5777176042397817,auc,0.8465777777777779,0.7888888888888889,0.788,0.427536231884058,0.7866666666666666,0.5539906103286384,0.43113772455089816,0.8465777777777779
p300,eegnet_ms_se,within,3,within_sub23_fold3,[23],[23],[23],900,450,450,57,0.46888958911101025,auc,0.7944888888888888,0.7844444444444445,0.7373333333333334,0.4098360655737705,0.6666666666666666,0.5076142131979694,0.3795309168443497,0.7944888888888888
p300,eegnet_ms_se,within,0,within_sub24_fold0,[24],[24],[24],900,450,450,165,0.49965495665868126,auc,0.8977501437607821,0.86,0.7317064404830362,0.5797101449275363,0.5405405405405406,0.5594405594405595,0.4763382467028705,0.8977501437607821
p300,eegnet_ms_se,within,1,within_sub24_fold1,[24],[24],[24],900,450,450,73,0.44587264756361644,auc,0.8275752884886011,0.7711111111111111,0.7679425837320575,0.40559440559440557,0.7631578947368421,0.5296803652968036,0.3965943708178197,0.8275752884886011
p300,eegnet_ms_se,within,2,within_sub24_fold2,[24],[24],[24],900,450,450,104,0.47954198519388835,auc,0.8352355555555556,0.8133333333333334,0.76,0.4594594594594595,0.68,0.5483870967741935,0.43624161073825507,0.8352355555555556
p300,eegnet_ms_se,within,3,within_sub24_fold3,[24],[24],[24],900,450,450,105,0.4854200075070063,auc,0.81888,0.8022222222222222,0.764,0.44166666666666665,0.7066666666666667,0.5435897435897435,0.4258064516129032,0.81888
p300,eegnet_ms_se,within,0,within_sub25_fold0,[25],[25],[25],900,450,450,1,0.6986920714378357,auc,0.4969040247678018,0.6311111111111111,0.5054883197298058,0.17391304347826086,0.3157894736842105,0.22429906542056074,0.008284212203281793,0.4969040247678018
p300,eegnet_ms_se,within,1,within_sub25_fold1,[25],[25],[25],900,450,450,10,0.6699945807456971,auc,0.5124712478435882,0.5866666666666667,0.49216503737780337,0.15853658536585366,0.35135135135135137,0.21848739495798322,-0.010527840826773716,0.5124712478435882
p300,eegnet_ms_se,within,2,within_sub25_fold2,[25],[25],[25],900,450,450,37,0.686059840520223,auc,0.5362018012946805,0.5688888888888889,0.5362018012946805,0.19270833333333334,0.4868421052631579,0.27611940298507465,0.0450249409293777,0.5362018012946805
p300,eegnet_ms_se,within,3,within_sub25_fold3,[25],[25],[25],900,450,450,35,0.6875921448071798,auc,0.6187464059804485,0.6755555555555556,0.6267610695802186,0.2662337662337662,0.5540540540540541,0.3596491228070175,0.17677425821972725,0.6187464059804485
p300,eegnet_ms_se,within,0,within_sub26_fold0,[26],[26],[26],900,450,450,35,0.6444858312606812,auc,0.7098666666666668,0.7088888888888889,0.676,0.31333333333333335,0.6266666666666667,0.4177777777777778,0.25142857142857145,0.7098666666666668
p300,eegnet_ms_se,within,1,within_sub26_fold1,[26],[26],[26],900,450,450,11,0.7853281418482463,auc,0.6052622222222221,0.5955555555555555,0.5866666666666667,0.22279792746113988,0.5733333333333334,0.3208955223880597,0.1063829787234043,0.6052622222222221
p300,eegnet_ms_se,within,2,within_sub26_fold2,[26],[26],[26],900,450,450,71,0.6756054878234863,auc,0.7013688888888889,0.7088888888888889,0.6439999999999999,0.2971014492753623,0.5466666666666666,0.38497652582159625,0.21556886227544914,0.7013688888888889
p300,eegnet_ms_se,within,3,within_sub26_fold3,[26],[26],[26],900,450,450,109,0.6341698507467906,auc,0.6609066666666668,0.7111111111111111,0.6026666666666667,0.2727272727272727,0.44,0.33673469387755106,0.16488222698072796,0.6609066666666668
p300,eegnet_ms_se,within,0,within_sub27_fold0,[27],[27],[27],900,450,450,87,0.5504752218723297,auc,0.7493688888888889,0.6933333333333334,0.6986666666666667,0.3136094674556213,0.7066666666666667,0.43442622950819676,0.2646536412078153,0.7493688888888889
p300,eegnet_ms_se,within,1,within_sub27_fold1,[27],[27],[27],900,450,450,43,0.6072880804538727,auc,0.7294577777777778,0.7222222222222222,0.6626666666666667,0.3161764705882353,0.5733333333333334,0.4075829383886256,0.24547283702213274,0.7294577777777778
p300,eegnet_ms_se,within,2,within_sub27_fold2,[27],[27],[27],900,450,450,23,0.6202279845873515,auc,0.6987852213916044,0.6911111111111111,0.6360695802185163,0.2789115646258503,0.5540540540540541,0.3710407239819004,0.19491852652714492,0.6987852213916044
p300,eegnet_ms_se,within,3,within_sub27_fold3,[27],[27],[27],900,450,450,69,0.6194548269112905,auc,0.6707711792851112,0.6622222222222223,0.6238038277511961,0.2654320987654321,0.5657894736842105,0.3613445378151261,0.17066783064164104,0.6707711792851112
p300,eegnet_ms_se,within,0,within_sub28_fold0,[28],[28],[28],900,450,450,100,0.4498450646797816,auc,0.8221866666666667,0.7933333333333333,0.764,0.42857142857142855,0.72,0.5373134328358209,0.41509433962264153,0.8221866666666667
p300,eegnet_ms_se,within,1,within_sub28_fold1,[28],[28],[28],900,450,450,79,0.581381893157959,auc,0.8078222222222222,0.7555555555555555,0.736,0.375886524822695,0.7066666666666667,0.49074074074074076,0.34911242603550297,0.8078222222222222
p300,eegnet_ms_se,within,2,within_sub28_fold2,[28],[28],[28],900,450,450,44,0.597707579533259,auc,0.7853926259499016,0.7444444444444445,0.7152054601745004,0.3617021276595745,0.6710526315789473,0.47004608294930883,0.32102652916633867,0.7853926259499016
p300,eegnet_ms_se,within,3,within_sub28_fold3,[28],[28],[28],900,450,450,50,0.5940100729465485,auc,0.7845744680851064,0.7577777777777778,0.730232892466935,0.3722627737226277,0.6891891891891891,0.4834123222748815,0.34314486970029734,0.7845744680851064
p300,eegnet_ms_se,within,0,within_sub29_fold0,[29],[29],[29],900,450,450,73,0.5457874278227488,auc,0.7531377777777778,0.7377777777777778,0.6826666666666666,0.3383458646616541,0.6,0.4326923076923077,0.2790224032586558,0.7531377777777778
p300,eegnet_ms_se,within,1,within_sub29_fold1,[29],[29],[29],900,450,450,116,0.5395381887753804,auc,0.7938488888888888,0.7977777777777778,0.7293333333333334,0.42727272727272725,0.6266666666666667,0.5081081081081081,0.3865168539325843,0.7938488888888888
p300,eegnet_ms_se,within,2,within_sub29_fold2,[29],[29],[29],900,450,450,14,0.6230289022127787,auc,0.757583381253594,0.7022222222222222,0.691561242093157,0.3125,0.6756756756756757,0.42735042735042733,0.2612104876255821,0.757583381253594
p300,eegnet_ms_se,within,3,within_sub29_fold3,[29],[29],[29],900,450,450,78,0.5011257857084275,auc,0.7095060512243174,0.7288888888888889,0.6586687306501549,0.3230769230769231,0.5526315789473685,0.4077669902912622,0.24732656978338363,0.7095060512243174
p300,eegnet_ms_se,within,0,within_sub30_fold0,[30],[30],[30],900,450,450,20,0.6742729942003886,auc,0.6216533333333333,0.6711111111111111,0.5893333333333333,0.24475524475524477,0.4666666666666667,0.3211009174311927,0.13111545988258322,0.6216533333333333
p300,eegnet_ms_se,within,1,within_sub30_fold1,[30],[30],[30],900,450,450,41,0.6407343725363414,auc,0.6987733333333332,0.66,0.668,0.2833333333333333,0.68,0.4,0.2153846153846154,0.6987733333333332
p300,eegnet_ms_se,within,2,within_sub30_fold2,[30],[30],[30],900,450,450,10,0.688690721988678,auc,0.5496763298620884,0.62,0.5407402195327892,0.20125786163522014,0.42105263157894735,0.27234042553191495,0.05677723027138348,0.5496763298620884
p300,eegnet_ms_se,within,3,within_sub30_fold3,[30],[30],[30],900,450,450,30,0.6257699052492778,auc,0.5544853364002299,0.62,0.5392466935020126,0.1949685534591195,0.4189189189189189,0.26609442060085836,0.053715044639563114,0.5544853364002299
p300,eegnet_ms_se,within,0,within_sub31_fold0,[31],[31],[31],900,450,450,24,0.5582887093226115,auc,0.7736533333333334,0.7133333333333334,0.6733333333333333,0.3150684931506849,0.6133333333333333,0.416289592760181,0.25145067698259194,0.7736533333333334
p300,eegnet_ms_se,within,1,within_sub31_fold1,[31],[31],[31],900,450,450,19,0.5830259596308073,auc,0.752,0.7311111111111112,0.7,0.3402777777777778,0.6533333333333333,0.4474885844748859,0.29239766081871343,0.752
p300,eegnet_ms_se,within,2,within_sub31_fold2,[31],[31],[31],900,450,450,12,0.6167162517706554,auc,0.7334044444444445,0.6688888888888889,0.6733333333333333,0.2897727272727273,0.68,0.4063745019920319,0.22530329289428064,0.7334044444444445
p300,eegnet_ms_se,within,3,within_sub31_fold3,[31],[31],[31],900,450,450,40,0.49442924161752067,auc,0.7049244444444446,0.7222222222222222,0.6946666666666667,0.3310810810810811,0.6533333333333333,0.43946188340807174,0.2802303262955854,0.7049244444444446
p300,eegnet_ms_se,within,0,within_sub32_fold0,[32],[32],[32],900,450,450,19,0.5798306485017141,auc,0.7942755555555556,0.7311111111111112,0.6839999999999999,0.3333333333333333,0.6133333333333333,0.431924882629108,0.27544910179640714,0.7942755555555556
p300,eegnet_ms_se,within,1,within_sub32_fold1,[32],[32],[32],900,450,450,47,0.48204558392365776,auc,0.752711111111111,0.7422222222222222,0.7013333333333334,0.35036496350364965,0.64,0.4528301886792453,0.30260521042084176,0.752711111111111
p300,eegnet_ms_se,within,2,within_sub32_fold2,[32],[32],[32],900,450,450,25,0.4797154506047567,auc,0.8461155555555555,0.7533333333333333,0.7666666666666666,0.38311688311688313,0.7866666666666666,0.5152838427947598,0.375234521575985,0.8461155555555555
p300,eegnet_ms_se,within,3,within_sub32_fold3,[32],[32],[32],900,450,450,53,0.4544010519981384,auc,0.8738133333333332,0.7911111111111111,0.7946666666666666,0.4316546762589928,0.8,0.5607476635514019,0.43936381709741545,0.8738133333333332
p300,eegnet_ms_se,within,0,within_sub33_fold0,[33],[33],[33],900,450,450,98,0.5301273937026659,auc,0.8082590569292697,0.8066666666666666,0.7432073030477286,0.44036697247706424,0.6486486486486487,0.5245901639344263,0.40877102902534057,0.8082590569292697
p300,eegnet_ms_se,within,1,within_sub33_fold1,[33],[33],[33],900,450,450,108,0.4862052788337072,auc,0.813010132282578,0.7733333333333333,0.711616943428089,0.39166666666666666,0.618421052631579,0.4795918367346939,0.3439108061749572,0.813010132282578
p300,eegnet_ms_se,within,2,within_sub33_fold2,[33],[33],[33],900,450,450,62,0.49407500624656675,auc,0.7572266666666667,0.7288888888888889,0.688,0.3333333333333333,0.6266666666666667,0.43518518518518523,0.2781065088757396,0.7572266666666667
p300,eegnet_ms_se,within,3,within_sub33_fold3,[33],[33],[33],900,450,450,72,0.5999667624632518,auc,0.8286222222222223,0.8,0.7466666666666666,0.43478260869565216,0.6666666666666666,0.5263157894736841,0.4065934065934066,0.8286222222222223
p300,eegnet_ms_se,within,0,within_sub34_fold0,[34],[34],[34],900,450,450,24,0.6127531747023265,auc,0.70496,0.6355555555555555,0.6373333333333333,0.2594594594594595,0.64,0.36923076923076925,0.17310924369747893,0.70496
p300,eegnet_ms_se,within,1,within_sub34_fold1,[34],[34],[34],900,450,450,19,0.6801392138004303,auc,0.6818133333333334,0.68,0.632,0.27450980392156865,0.56,0.368421052631579,0.18644067796610164,0.6818133333333334
p300,eegnet_ms_se,within,2,within_sub34_fold2,[34],[34],[34],900,450,450,31,0.596055805683136,auc,0.6378311111111111,0.7066666666666667,0.6266666666666667,0.2857142857142857,0.5066666666666667,0.36538461538461536,0.19348268839103866,0.6378311111111111
p300,eegnet_ms_se,within,3,within_sub34_fold3,[34],[34],[34],900,450,450,48,0.5903586486975352,auc,0.7177244444444444,0.6933333333333334,0.6666666666666667,0.29936305732484075,0.6266666666666667,0.4051724137931035,0.23191094619666053,0.7177244444444444
p300,eegnet_ms_se,within,0,within_sub35_fold0,[35],[35],[35],900,450,450,39,0.5767086545626322,auc,0.8687728679988741,0.7866666666666666,0.7720588235294117,0.4253731343283582,0.75,0.5428571428571428,0.4172557060378784,0.8687728679988741
p300,eegnet_ms_se,within,1,within_sub35_fold1,[35],[35],[35],900,450,450,37,0.45618180682261783,auc,0.820191201840138,0.7955555555555556,0.7311313973548016,0.41964285714285715,0.6351351351351351,0.5053763440860215,0.3832310350992194,0.820191201840138
p300,eegnet_ms_se,within,2,within_sub35_fold2,[35],[35],[35],900,450,450,82,0.37326311121384304,auc,0.8491377777777778,0.8111111111111111,0.748,0.4537037037037037,0.6533333333333333,0.5355191256830601,0.4217687074829932,0.8491377777777778
p300,eegnet_ms_se,within,3,within_sub35_fold3,[35],[35],[35],900,450,450,76,0.41958458423614503,auc,0.9086577777777778,0.8422222222222222,0.8466666666666667,0.5161290322580645,0.8533333333333334,0.64321608040201,0.5496828752642706,0.9086577777777778
p300,eegnet_ms_se,within,0,within_sub36_fold0,[36],[36],[36],900,450,450,64,0.5054934362570445,auc,0.8025955555555556,0.7711111111111111,0.7133333333333334,0.38524590163934425,0.6266666666666667,0.4771573604060914,0.3411513859275054,0.8025955555555556
p300,eegnet_ms_se,within,1,within_sub36_fold1,[36],[36],[36],900,450,450,38,0.558742610613505,auc,0.7380622222222223,0.6911111111111111,0.6866666666666668,0.3072289156626506,0.68,0.42323651452282157,0.251346499102334,0.7380622222222223
p300,eegnet_ms_se,within,2,within_sub36_fold2,[36],[36],[36],900,450,450,36,0.6237277706464132,auc,0.839958309373203,0.7355555555555555,0.733215928694652,0.35294117647058826,0.7297297297297297,0.47577092511013214,0.32646592709984157,0.839958309373203
p300,eegnet_ms_se,within,3,within_sub36_fold3,[36],[36],[36],900,450,450,48,0.5212672034899394,auc,0.7418378834787503,0.7066666666666667,0.6767520405291303,0.3157894736842105,0.631578947368421,0.42105263157894735,0.2527925933380295,0.7418378834787503
p300,eegnet_ms_se,within,0,within_sub37_fold0,[37],[37],[37],900,450,450,40,0.5134844511747361,auc,0.7878044444444444,0.7333333333333333,0.7173333333333334,0.348993288590604,0.6933333333333334,0.4642857142857143,0.31166347992351817,0.7878044444444444
p300,eegnet_ms_se,within,1,within_sub37_fold1,[37],[37],[37],900,450,450,135,0.4448662132024765,auc,0.8091377777777778,0.7911111111111111,0.7466666666666667,0.4214876033057851,0.68,0.520408163265306,0.3961456102783726,0.8091377777777778
p300,eegnet_ms_se,within,2,within_sub37_fold2,[37],[37],[37],900,450,450,35,0.5706631610790889,auc,0.8106311111111111,0.7444444444444445,0.7133333333333334,0.35714285714285715,0.6666666666666666,0.46511627906976744,0.3168316831683169,0.8106311111111111
p300,eegnet_ms_se,within,3,within_sub37_fold3,[37],[37],[37],900,450,450,28,0.5834866503874461,auc,0.7429688888888889,0.7133333333333334,0.6733333333333333,0.3150684931506849,0.6133333333333333,0.416289592760181,0.25145067698259194,0.7429688888888889
p300,eegnet_ms_se,within,0,within_sub38_fold0,[38],[38],[38],900,450,450,80,0.43280555804570514,auc,0.8652898958626513,0.8133333333333334,0.7776175063326767,0.4661016949152542,0.7236842105263158,0.5670103092783505,0.45504872844703304,0.8652898958626513
p300,eegnet_ms_se,within,1,within_sub38_fold1,[38],[38],[38],900,450,450,84,0.43768824537595113,auc,0.8742093156986774,0.8222222222222222,0.7742236917768832,0.4727272727272727,0.7027027027027027,0.5652173913043479,0.4588093806374023,0.8742093156986774
p300,eegnet_ms_se,within,2,within_sub38_fold2,[38],[38],[38],900,450,450,61,0.4083749562501907,auc,0.8845693779904307,0.8111111111111111,0.7710385589642555,0.46153846153846156,0.7105263157894737,0.5595854922279793,0.4461819129528277,0.8845693779904307
p300,eegnet_ms_se,within,3,within_sub38_fold3,[38],[38],[38],900,450,450,76,0.40161655147870384,auc,0.8459603220241518,0.7888888888888889,0.7597038527889592,0.41732283464566927,0.7162162162162162,0.527363184079602,0.4033829234934547,0.8459603220241518
p300,eegnet_ms_se,within,0,within_sub39_fold0,[39],[39],[39],900,450,450,49,0.6678577303886414,auc,0.6612622222222222,0.68,0.6213333333333333,0.2684563758389262,0.5333333333333333,0.35714285714285715,0.1739961759082218,0.6612622222222222
p300,eegnet_ms_se,within,1,within_sub39_fold1,[39],[39],[39],900,450,450,61,0.5718915283679962,auc,0.7149155555555555,0.7066666666666667,0.6693333333333333,0.3087248322147651,0.6133333333333333,0.4107142857142857,0.24282982791587004,0.7149155555555555
p300,eegnet_ms_se,within,2,within_sub39_fold2,[39],[39],[39],900,450,450,9,0.6828057130177816,auc,0.7044266666666666,0.66,0.6786666666666666,0.28804347826086957,0.7066666666666667,0.40926640926640934,0.22596964586846546,0.7044266666666666
p300,eegnet_ms_se,within,3,within_sub39_fold3,[39],[39],[39],900,450,450,55,0.5670539895693462,auc,0.6206933333333333,0.6822222222222222,0.6066666666666667,0.2605633802816901,0.49333333333333335,0.34101382488479265,0.15717092337917482,0.6206933333333333
p300,eegnet_ms_se,within,0,within_sub40_fold0,[40],[40],[40],900,450,450,67,0.6010304758946101,auc,0.6738844444444445,0.6644444444444444,0.6226666666666667,0.2625,0.56,0.3574468085106383,0.1688073394495414,0.6738844444444445
p300,eegnet_ms_se,within,1,within_sub40_fold1,[40],[40],[40],900,450,450,47,0.6322506646315257,auc,0.6582044444444444,0.6755555555555556,0.624,0.2679738562091503,0.5466666666666666,0.35964912280701755,0.17514124293785316,0.6582044444444444
p300,eegnet_ms_se,within,2,within_sub40_fold2,[40],[40],[40],900,450,450,88,0.5916043549776078,auc,0.7151288888888889,0.7333333333333333,0.6586666666666667,0.3228346456692913,0.5466666666666666,0.4059405940594059,0.24843423799582454,0.7151288888888889
p300,eegnet_ms_se,within,3,within_sub40_fold3,[40],[40],[40],900,450,450,54,0.6334139207998911,auc,0.737848888888889,0.6933333333333334,0.6559999999999999,0.29411764705882354,0.6,0.3947368421052632,0.22033898305084743,0.737848888888889
p300,eegnet_ms_se,within,0,within_sub41_fold0,[41],[41],[41],900,450,450,14,0.6548694849014283,auc,0.6752355555555556,0.68,0.6,0.2553191489361702,0.48,0.3333333333333333,0.14792899408284022,0.6752355555555556
p300,eegnet_ms_se,within,1,within_sub41_fold1,[41],[41],[41],900,450,450,43,0.564507586757342,auc,0.6565688888888889,0.7066666666666667,0.5946666666666667,0.2644628099173554,0.4266666666666667,0.32653061224489793,0.15203426124196995,0.6565688888888889
p300,eegnet_ms_se,within,2,within_sub41_fold2,[41],[41],[41],900,450,450,47,0.5503993292649587,auc,0.7786666666666666,0.7333333333333333,0.7066666666666667,0.3448275862068966,0.6666666666666666,0.4545454545454545,0.30097087378640774,0.7786666666666666
p300,eegnet_ms_se,within,3,within_sub41_fold3,[41],[41],[41],900,450,450,79,0.5393666565418244,auc,0.8123022222222223,0.7577777777777778,0.7426666666666666,0.38028169014084506,0.72,0.4976958525345623,0.35756385068762275,0.8123022222222223
p300,eegnet_ms_se,within,0,within_sub42_fold0,[42],[42],[42],900,450,450,35,0.5332667758067449,auc,0.8030477285796436,0.7577777777777778,0.7085250143760782,0.3643410852713178,0.6351351351351351,0.4630541871921182,0.32118242962716925,0.8030477285796436
p300,eegnet_ms_se,within,1,within_sub42_fold1,[42],[42],[42],900,450,450,43,0.4329775370657444,auc,0.8026315789473684,0.7244444444444444,0.7136574725584013,0.34415584415584416,0.6973684210526315,0.4608695652173913,0.3033012036158418,0.8026315789473684
p300,eegnet_ms_se,within,2,within_sub42_fold2,[42],[42],[42],900,450,450,64,0.5340610971053441,auc,0.8619022222222223,0.8044444444444444,0.792,0.4496124031007752,0.7733333333333333,0.5686274509803921,0.45341614906832295,0.8619022222222223
p300,eegnet_ms_se,within,3,within_sub42_fold3,[42],[42],[42],900,450,450,85,0.523120931784312,auc,0.8057244444444446,0.7822222222222223,0.736,0.4065040650406504,0.6666666666666666,0.505050505050505,0.37579617834394907,0.8057244444444446
p300,eegnet_ms_se,within,0,within_sub43_fold0,[43],[43],[43],900,450,450,34,0.5858383913834889,auc,0.7646933333333332,0.68,0.6853333333333333,0.30057803468208094,0.6933333333333334,0.41935483870967744,0.243432574430823,0.7646933333333332
p300,eegnet_ms_se,within,1,within_sub43_fold1,[43],[43],[43],900,450,450,110,0.4598886261383692,auc,0.8173155555555556,0.7666666666666667,0.7106666666666667,0.3790322580645161,0.6266666666666667,0.4723618090452261,0.33403805496828753,0.8173155555555556
p300,eegnet_ms_se,within,2,within_sub43_fold2,[43],[43],[43],900,450,450,61,0.5293122371037801,auc,0.8190222222222222,0.7666666666666667,0.7266666666666666,0.38461538461538464,0.6666666666666666,0.4878048780487804,0.35051546391752575,0.8190222222222222
p300,eegnet_ms_se,within,3,within_sub43_fold3,[43],[43],[43],900,450,450,49,0.5734557628631591,auc,0.8531911111111111,0.7733333333333333,0.752,0.4,0.72,0.5142857142857142,0.38181818181818183,0.8531911111111111
p300,eegnet_ms_se,within,0,within_sub44_fold0,[44],[44],[44],900,450,450,68,0.6664199630419413,auc,0.7081599999999999,0.7266666666666667,0.644,0.30952380952380953,0.52,0.3880597014925373,0.2264150943396226,0.7081599999999999
p300,eegnet_ms_se,within,1,within_sub44_fold1,[44],[44],[44],900,450,450,61,0.6317284723122915,auc,0.6472177777777778,0.6955555555555556,0.5826666666666667,0.25,0.41333333333333333,0.31155778894472363,0.13107822410147985,0.6472177777777778
p300,eegnet_ms_se,within,2,within_sub44_fold2,[44],[44],[44],900,450,450,34,0.6838689168294271,auc,0.6387200000000001,0.6155555555555555,0.5986666666666667,0.23369565217391305,0.5733333333333334,0.332046332046332,0.12478920741989885,0.6387200000000001
p300,eegnet_ms_se,within,3,within_sub44_fold3,[44],[44],[44],900,450,450,123,0.6416082233190536,auc,0.6460444444444444,0.66,0.588,0.24,0.48,0.32,0.12571428571428567,0.6460444444444444
p300,eegnet_ms_se,within,0,within_sub45_fold0,[45],[45],[45],900,450,450,1,0.6793831984202067,auc,0.570406843013226,0.5022222222222222,0.5555994824611845,0.19262295081967212,0.6351351351351351,0.29559748427672955,0.05783826223501709,0.570406843013226
p300,eegnet_ms_se,within,1,within_sub45_fold1,[45],[45],[45],900,450,450,22,0.6646913389364878,auc,0.5995285674078243,0.5622222222222222,0.5898536448072051,0.22119815668202766,0.631578947368421,0.32764505119453924,0.10333178241255847,0.5995285674078243
p300,eegnet_ms_se,within,2,within_sub45_fold2,[45],[45],[45],900,450,450,5,0.6976345658302308,auc,0.5566933333333334,0.6444444444444445,0.552,0.2108843537414966,0.41333333333333333,0.27927927927927926,0.07514450867052025,0.5566933333333334
p300,eegnet_ms_se,within,3,within_sub45_fold3,[45],[45],[45],900,450,450,52,0.6605092823505402,auc,0.5774222222222223,0.6444444444444445,0.5573333333333333,0.21476510067114093,0.4266666666666667,0.28571428571428575,0.0822179732313576,0.5774222222222223
p300,eegnet_ms_se,within,0,within_sub46_fold0,[46],[46],[46],900,450,450,33,0.6250868082046509,auc,0.7638755555555556,0.66,0.652,0.27586206896551724,0.64,0.3855421686746988,0.19895287958115182,0.7638755555555556
p300,eegnet_ms_se,within,1,within_sub46_fold1,[46],[46],[46],900,450,450,36,0.6452301944295565,auc,0.6532977777777779,0.6177777777777778,0.616,0.24338624338624337,0.6133333333333333,0.34848484848484845,0.14427860696517414,0.6532977777777779
p300,eegnet_ms_se,within,2,within_sub46_fold2,[46],[46],[46],900,450,450,2,0.730673631032308,auc,0.5053827751196172,0.5444444444444444,0.4795595271601464,0.15508021390374332,0.3815789473684211,0.22053231939163498,-0.0258434712986233,0.5053827751196172
p300,eegnet_ms_se,within,3,within_sub46_fold3,[46],[46],[46],900,450,450,34,0.5635728925466538,auc,0.6428982173663026,0.6755555555555556,0.6267610695802186,0.2662337662337662,0.5540540540540541,0.3596491228070175,0.17677425821972725,0.6428982173663026
p300,eegnet_ms_se,within,0,within_sub47_fold0,[47],[47],[47],900,450,450,21,0.6224175333976746,auc,0.7871262219666475,0.7088888888888889,0.7335393904542841,0.3333333333333333,0.7702702702702703,0.46530612244897956,0.30599703326976047,0.7871262219666475
p300,eegnet_ms_se,within,1,within_sub47_fold1,[47],[47],[47],900,450,450,29,0.5831186811129252,auc,0.7418730650154799,0.7311111111111112,0.6704897269912751,0.3308270676691729,0.5789473684210527,0.42105263157894735,0.26253487553159793,0.7418730650154799
p300,eegnet_ms_se,within,2,within_sub47_fold2,[47],[47],[47],900,450,450,77,0.4097591462234656,auc,0.7384533333333333,0.7644444444444445,0.688,0.36752136752136755,0.5733333333333334,0.44791666666666674,0.30718954248366015,0.7384533333333333
p300,eegnet_ms_se,within,3,within_sub47_fold3,[47],[47],[47],900,450,450,100,0.507455990711848,auc,0.8812444444444444,0.7911111111111111,0.7626666666666666,0.4251968503937008,0.72,0.5346534653465347,0.41127348643006256,0.8812444444444444
p300,eegnet_ms_se,within,0,within_sub48_fold0,[48],[48],[48],900,450,450,14,0.6332079430421194,auc,0.7300168871376301,0.68,0.6554672108077682,0.29012345679012347,0.618421052631579,0.39495798319327735,0.21431689218681782,0.7300168871376301
p300,eegnet_ms_se,within,1,within_sub48_fold1,[48],[48],[48],900,450,450,130,0.49665288130442303,auc,0.7926969522714205,0.7733333333333333,0.7341144335825187,0.390625,0.6756756756756757,0.49504950495049505,0.36211017844238147,0.7926969522714205
p300,eegnet_ms_se,within,2,within_sub48_fold2,[48],[48],[48],900,450,450,58,0.620440399646759,auc,0.8301825761932144,0.7755555555555556,0.7354442208165612,0.3937007874015748,0.6756756756756757,0.49751243781094534,0.3657018449772518,0.8301825761932144
p300,eegnet_ms_se,within,3,within_sub48_fold3,[48],[48],[48],900,450,450,172,0.5101634121189514,auc,0.7326555023923444,0.7488888888888889,0.6811849141570504,0.352,0.5789473684210527,0.43781094527363185,0.2883135059482155,0.7326555023923444
p300,eegnet_ms_se,within,0,within_sub49_fold0,[49],[49],[49],900,450,450,59,0.5670211593310038,auc,0.8312967222541692,0.7755555555555556,0.7680060379528465,0.4028776978417266,0.7567567567567568,0.5258215962441315,0.39623794468503415,0.8312967222541692
p300,eegnet_ms_se,within,1,within_sub49_fold1,[49],[49],[49],900,450,450,30,0.4903889735539754,auc,0.8253236701379116,0.7666666666666667,0.7547846889952152,0.3971631205673759,0.7368421052631579,0.5161290322580646,0.38006770054317873,0.8253236701379116
p300,eegnet_ms_se,within,2,within_sub49_fold2,[49],[49],[49],900,450,450,48,0.5304180125395457,auc,0.8232101782633697,0.7933333333333333,0.7515094882116158,0.4214876033057851,0.6891891891891891,0.523076923076923,0.40079035537355745,0.8232101782633697
p300,eegnet_ms_se,within,3,within_sub49_fold3,[49],[49],[49],900,450,450,65,0.5086061199506123,auc,0.7681888544891641,0.7311111111111112,0.6862158739093724,0.3381294964028777,0.618421052631579,0.4372093023255814,0.2799714368834466,0.7681888544891641
p300,eegnet_ms_se,within,0,within_sub50_fold0,[50],[50],[50],900,450,450,84,0.3966256272047758,auc,0.9051538240368028,0.8311111111111111,0.7903967797584819,0.4909090909090909,0.7297297297297297,0.5869565217391305,0.48586891160553214,0.9051538240368028
p300,eegnet_ms_se,within,1,within_sub50_fold1,[50],[50],[50],900,450,450,29,0.48894137938817345,auc,0.8819307627357164,0.8066666666666666,0.8207852518998029,0.460431654676259,0.8421052631578947,0.5953488372093023,0.48229351246991614,0.8819307627357164
p300,eegnet_ms_se,within,2,within_sub50_fold2,[50],[50],[50],900,450,450,69,0.40043013741572697,auc,0.8608711111111111,0.8266666666666667,0.784,0.4864864864864865,0.72,0.5806451612903226,0.47651006711409394,0.8608711111111111
p300,eegnet_ms_se,within,3,within_sub50_fold3,[50],[50],[50],900,450,450,36,0.4580165445804596,auc,0.8877866666666666,0.7955555555555556,0.8240000000000001,0.4421768707482993,0.8666666666666667,0.5855855855855856,0.4682080924855492,0.8877866666666666
p300,eegnet_ms_se,within,0,within_sub51_fold0,[51],[51],[51],900,450,450,57,0.5538493235905965,auc,0.8990799309948245,0.8288888888888889,0.8107748706152962,0.48739495798319327,0.7837837837837838,0.6010362694300517,0.4995522689852393,0.8990799309948245
p300,eegnet_ms_se,within,1,within_sub51_fold1,[51],[51],[51],900,450,450,56,0.5576235314210256,auc,0.7719532789192232,0.7711111111111111,0.7050379960596679,0.3865546218487395,0.6052631578947368,0.4717948717948718,0.3346444259424076,0.7719532789192232
p300,eegnet_ms_se,within,2,within_sub51_fold2,[51],[51],[51],900,450,450,10,0.6389441768328349,auc,0.7420800000000001,0.72,0.688,0.32653061224489793,0.64,0.43243243243243235,0.2716763005780347,0.7420800000000001
p300,eegnet_ms_se,within,3,within_sub51_fold3,[51],[51],[51],900,450,450,55,0.48078954418500264,auc,0.7226666666666667,0.7377777777777778,0.6453333333333333,0.31932773109243695,0.5066666666666667,0.3917525773195876,0.23542116630669552,0.7226666666666667
p300,eegnet_ms_se,within,0,within_sub52_fold0,[52],[52],[52],900,450,450,100,0.5525598704814911,auc,0.809245707852519,0.7666666666666667,0.7547846889952152,0.3971631205673759,0.7368421052631579,0.5161290322580646,0.38006770054317873,0.809245707852519
p300,eegnet_ms_se,within,1,within_sub52_fold1,[52],[52],[52],900,450,450,94,0.5722860356171926,auc,0.7616805635422657,0.7333333333333333,0.7047512938470386,0.3402777777777778,0.6621621621621622,0.4495412844036697,0.29676511954992957,0.7616805635422657
p300,eegnet_ms_se,within,2,within_sub52_fold2,[52],[52],[52],900,450,450,9,0.8008741935094198,auc,0.6485408280621047,0.64,0.6271923519263944,0.25280898876404495,0.6081081081081081,0.35714285714285715,0.16260797647491265,0.6485408280621047
p300,eegnet_ms_se,within,3,within_sub52_fold3,[52],[52],[52],900,450,450,62,0.5046480973561605,auc,0.6183506895581199,0.6711111111111111,0.6029411764705883,0.25675675675675674,0.5,0.33928571428571425,0.14946873722926035,0.6183506895581199
p300,eegnet_ms_se,within,0,within_sub53_fold0,[53],[53],[53],900,450,450,81,0.5350694159666697,auc,0.7919012102448635,0.78,0.6999014916971573,0.3963963963963964,0.5789473684210527,0.4705882352941177,0.3378221706947293,0.7919012102448635
p300,eegnet_ms_se,within,1,within_sub53_fold1,[53],[53],[53],900,450,450,86,0.5498620669047037,auc,0.8215569292696954,0.7644444444444445,0.7287952846463485,0.3787878787878788,0.6756756756756757,0.4854368932038835,0.34804001968181075,0.8215569292696954
p300,eegnet_ms_se,within,2,within_sub53_fold2,[53],[53],[53],900,450,450,23,0.6541331509749094,auc,0.7129955555555556,0.7244444444444444,0.6533333333333333,0.31297709923664124,0.5466666666666666,0.3980582524271845,0.23613963039014374,0.7129955555555556
p300,eegnet_ms_se,within,3,within_sub53_fold3,[53],[53],[53],900,450,450,95,0.5514211058616638,auc,0.7097244444444445,0.7066666666666667,0.648,0.2978723404255319,0.56,0.3888888888888889,0.21893491124260356,0.7097244444444445
p300,eegnet_ms_se,within,0,within_sub54_fold0,[54],[54],[54],900,450,450,75,0.5812892059485117,auc,0.7648355555555556,0.7644444444444445,0.6933333333333334,0.3697478991596639,0.5866666666666667,0.4536082474226804,0.3131749460043197,0.7648355555555556
p300,eegnet_ms_se,within,1,within_sub54_fold1,[54],[54],[54],900,450,450,27,0.6604853332042694,auc,0.7147377777777778,0.6422222222222222,0.6519999999999999,0.26881720430107525,0.6666666666666666,0.38314176245210724,0.19095477386934678,0.7147377777777778
p300,eegnet_ms_se,within,2,within_sub54_fold2,[54],[54],[54],900,450,450,80,0.6377506375312805,auc,0.6939206304531381,0.6911111111111111,0.6411835068955811,0.28859060402684567,0.5657894736842105,0.38222222222222224,0.20421872216991932,0.6939206304531381
p300,eegnet_ms_se,within,3,within_sub54_fold3,[54],[54],[54],900,450,450,47,0.6174135506153107,auc,0.6900876940770557,0.6533333333333333,0.6460250143760782,0.26704545454545453,0.6351351351351351,0.37599999999999995,0.18798871049831112,0.6900876940770557
p300,eegnet_ms_se,within,0,within_sub55_fold0,[55],[55],[55],900,450,450,72,0.6191224753856659,auc,0.8215592457078524,0.76,0.7717421896988461,0.39473684210526316,0.7894736842105263,0.5263157894736843,0.3886484854583878,0.8215592457078524
p300,eegnet_ms_se,within,1,within_sub55_fold1,[55],[55],[55],900,450,450,75,0.5192447443803151,auc,0.7631900517538815,0.7533333333333333,0.7221463484761357,0.36496350364963503,0.6756756756756757,0.47393364928909953,0.33109248198837615,0.7631900517538815
p300,eegnet_ms_se,within,2,within_sub55_fold2,[55],[55],[55],900,450,450,70,0.5392625331878662,auc,0.8130488888888889,0.78,0.756,0.4090909090909091,0.72,0.5217391304347826,0.3926380368098159,0.8130488888888889
p300,eegnet_ms_se,within,3,within_sub55_fold3,[55],[55],[55],900,450,450,105,0.5715858419736226,auc,0.7419377777777778,0.7444444444444445,0.7026666666666667,0.35294117647058826,0.64,0.4549763033175356,0.3058350100603622,0.7419377777777778
